symbol,cmp,target_7d,target_30d,target_90d,upside_7d_pct,upside_30d_pct,upside_90d_pct,target_7d_low,target_7d_high,target_30d_low,target_30d_high,target_90d_low,target_90d_high,direction,ema_trend,macd_trend,ema_20,ema_50,ema_200,rsi,adx,volatility_ann,support,resistance,bb_upper,bb_lower,bb_width_pct,r_squared,slope_pct_per_day,trend_strength,confidence,vwap,supertrend,supertrend_signal,algo_version,name,sector,industry,market_cap,composite_score,fundamental_score,technical_score,composite_rank,in_portfolio
MUTHOOTFIN.NS,3364.7,3663.17,4125.13,4388.46,8.9,22.6,30.4,3159.48,3821.15,2853.82,4230.41,2470.89,4886.04,BULLISH,BEARISH,FADING_BEAR,3612.57,3677.4,3333.79,40.0,12.6,57.0,3410.9,3721.7,3998.5,3252.49,20.6,0.173,-0.112,19.0,45,3634.78,3366.52,BUY,v3-ML,MUTHOOTFIN,,,,,,,,False
PAYTM.NS,1104.8,1203.67,1334.48,1446.18,8.9,20.8,30.9,1050.47,1225.69,967.24,1331.16,860.53,1496.22,BULLISH,BEARISH,FADING_BULL,1168.26,1211.46,1183.66,40.2,23.0,46.3,1123.1,1173.7,1218.49,1106.81,9.6,0.709,-0.325,19.0,77,1158.85,1223.01,SELL,v3-ML,PAYTM,,,,,,,,False
GLENMARK.NS,2135.8,2164.8,2552.78,2378.22,1.4,19.5,11.4,2036.66,2230.54,1939.94,2341.76,1810.77,2508.8,BULLISH,BULLISH,BULLISH,2030.02,2003.03,1924.38,77.7,9.5,27.3,2016.7,2131.4,2115.18,1905.54,10.4,0.099,0.039,81.0,48,1990.32,1974.27,BUY,v3-ML,Glenmark Pharmaceuticals Limited,Healthcare,Drug Manufacturers - Specialty & Generic,599036067840.0,53.908333333333346,49.16666666666668,72.87500000000001,599.0,False
MRF.NS,141345.0,149658.61,168647.21,152984.61,5.9,19.3,8.2,137325.51,154542.76,128914.58,164625.77,117877.71,180039.66,BULLISH,BEARISH,FADING_BULL,145380.9,146265.02,146752.28,48.4,11.0,35.4,130912.4,154501.94,156140.81,132498.88,16.4,0.316,-0.138,45.0,66,143604.2,137688.0,BUY,v3-ML,MRF Limited,Consumer Cyclical,Auto Parts,618697916416.0,62.70833333333334,62.58333333333334,63.20833333333334,213.0,False
LTF.NS,289.15,320.35,344.12,361.59,10.8,19.0,25.1,287.3,317.66,272.27,335.19,252.32,361.7,BULLISH,BULLISH,FADING_BULL,295.57,294.07,265.33,62.8,6.9,30.1,297.45,320.3,306.81,277.97,9.9,0.248,-0.092,81.0,51,291.52,312.07,SELL,v3-ML,L&T Finance Limited,Financial Services,Credit Services,759538384896.0,55.44166666666669,52.20833333333334,68.37500000000001,533.0,False
MOTILALOFS.NS,729.05,744.57,857.07,768.78,2.1,17.6,5.4,681.99,786.64,631.83,849.09,567.05,946.1,BULLISH,BEARISH,BEARISH,771.89,805.57,851.53,32.1,13.7,42.8,726.24,783.82,824.25,725.84,12.7,0.639,-0.288,15.0,65,773.13,795.15,SELL,v3-ML,Motilal Oswal Financial Services Limited,Financial Services,Capital Markets,440675860480.0,45.01666666666668,48.25000000000001,32.08333333333334,1046.0,False
TATAELXSI.NS,4521.5,4984.0,5313.2,5044.96,10.2,17.5,11.6,4387.25,4921.07,4125.8,5232.92,3782.0,5708.61,BULLISH,BEARISH,FADING_BEAR,4954.34,5160.82,5420.21,31.0,17.3,34.4,4498.0,4919.0,5692.08,4388.87,25.9,0.061,-0.093,15.0,51,5000.9,5144.2,SELL,v3-ML,Tata Elxsi Limited,Technology,Software - Application,290736635904.0,51.76666666666668,55.41666666666667,37.16666666666667,720.0,False
COFORGE.NS,1190.3,1296.17,1386.65,1381.3,8.9,16.5,16.0,1145.12,1312.59,1064.47,1412.04,959.88,1565.89,BULLISH,BEARISH,FADING_BEAR,1411.72,1556.21,1672.68,11.8,45.8,40.9,1212.2,1551.0,1764.76,1133.6,43.6,0.823,-0.797,4.6,64,1394.62,1412.19,SELL,v3-ML,Coforge Limited,Technology,Information Technology Services,410480476160.0,52.68333333333335,56.750000000000014,36.41666666666667,670.0,False
VMM.NS,117.76,130.48,136.03,164.41,10.8,15.5,39.6,121.4,135.38,114.52,143.52,105.43,155.88,BULLISH,BEARISH,BULLISH,122.94,126.53,132.47,61.1,12.6,32.7,120.69,138.07,127.91,116.69,9.2,0.709,-0.225,65.0,63,122.6,115.76,BUY,v3-ML,Vishal Mega Mart Limited,Consumer Cyclical,Department Stores,598611722240.0,53.616666666666674,50.29166666666667,66.91666666666667,607.0,False
TATACOMM.NS,1583.8,1726.37,1824.01,1733.06,9.0,15.2,9.4,1533.31,1732.78,1436.18,1849.97,1309.07,2029.61,BULLISH,BEARISH,FADING_BULL,1644.49,1681.68,1711.51,60.3,10.1,36.7,1622.8,1864.9,1730.91,1523.34,12.8,0.608,-0.276,19.0,68,1625.24,1522.54,BUY,v3-ML,Tata Communications Limited,Communication Services,Telecom Services,464778002432.0,46.08333333333334,43.958333333333336,54.58333333333334,1002.0,False
BDL.NS,1273.4,1305.15,1460.53,1333.93,2.5,14.7,4.8,1138.03,1380.02,1026.48,1529.99,886.96,1770.67,BULLISH,BEARISH,BULLISH,1303.03,1373.33,1483.32,48.2,26.9,57.8,1240.1,1303.2,1415.17,1165.85,19.3,0.327,-0.265,18.0,66,1314.25,1360.19,SELL,v3-ML,Bharat Dynamics Limited,Industrials,Aerospace & Defense,458569678848.0,44.31666666666669,46.250000000000014,36.58333333333334,1073.0,False
WAAREEENER.NS,2732.5,2945.11,3130.52,3475.45,7.8,14.6,27.2,2477.87,3021.02,2228.54,3359.01,1917.78,3903.32,BULLISH,BEARISH,BEARISH,2900.03,2917.92,3010.84,28.3,20.9,59.5,2419.0,3023.5,3310.82,2679.17,21.1,0.001,0.013,15.0,39,2899.06,3086.15,SELL,v3-ML,Waaree Energies Limited,Technology,Solar,786755354624.0,65.38333333333335,72.00000000000001,38.91666666666667,115.0,True
KPITTECH.NS,775.5,819.8,877.97,831.44,5.7,13.2,7.2,751.88,858.23,700.5,921.19,633.68,1018.32,BULLISH,BEARISH,FADING_BEAR,898.38,1011.83,1144.21,24.8,40.8,39.7,760.5,973.6,1062.7,741.51,35.6,0.852,-0.948,7.1,68,879.13,900.59,SELL,v3-ML,KPIT Technologies Limited,Technology,Software - Infrastructure,219199799296.0,51.45000000000002,55.916666666666686,33.58333333333334,734.0,False
POLICYBZR.NS,1486.1,1558.47,1677.6,1663.8,4.9,12.9,12.0,1411.47,1643.34,1301.14,1782.68,1159.5,2000.45,BULLISH,BEARISH,BULLISH,1537.33,1622.76,1720.35,53.0,20.8,45.6,1504.6,1957.3,1608.72,1427.0,12.0,0.879,-0.564,19.0,67,1510.93,1630.76,SELL,v3-ML,PB Fintech Limited,Financial Services,Insurance Brokers,707808985088.0,58.51666666666668,63.33333333333334,39.25000000000001,385.0,True
HEROMOTOCO.NS,5750.0,5863.52,6466.31,6960.6,2.0,12.5,21.1,5498.11,6017.61,5238.8,6315.47,4892.38,6762.66,BULLISH,BEARISH,BULLISH,5588.11,5596.7,5269.46,55.7,15.0,27.1,5643.5,6229.09,5812.88,5382.56,7.7,0.337,-0.115,65.0,65,5610.22,5304.85,BUY,v3-ML,Hero MotoCorp Limited,Consumer Cyclical,Auto Manufacturers,1149915889664.0,64.90833333333335,62.41666666666667,74.87500000000001,132.0,True
LLOYDSME.NS,1242.6,1293.37,1397.73,1310.07,4.1,12.5,5.4,1182.26,1418.49,1072.46,1563.72,934.19,1795.16,BULLISH,BEARISH,BULLISH,1203.29,1224.06,1285.9,54.4,9.2,54.6,1127.4,1389.2,1321.99,1080.56,20.1,0.259,-0.176,69.0,52,1231.43,1122.33,BUY,v3-ML,Lloyds Metals And Energy Limited,Basic Materials,Steel,705322876928.0,69.65833333333335,68.33333333333334,74.95833333333334,41.0,False
GODREJPROP.NS,1749.9,1827.39,1962.9,1811.36,4.4,12.2,3.5,1660.73,1947.26,1525.15,2120.37,1351.87,2392.16,BULLISH,BEARISH,FADING_BULL,1795.32,1847.73,2006.38,61.5,5.1,47.7,1517.9,1829.7,1949.78,1595.17,20.0,0.461,-0.373,45.0,58,1757.93,1675.19,BUY,v3-ML,GODREJPROP,,,,,,,,False
ENDURANCE.NS,2647.3,2813.1,2965.5,3134.25,6.3,12.0,18.4,2550.25,2857.06,2399.85,3036.11,2201.92,3309.04,BULLISH,BEARISH,BULLISH,2544.16,2551.99,2594.32,68.9,21.0,34.1,2484.2,2699.3,2692.47,2345.84,13.8,0.214,-0.088,69.0,58,2530.27,2409.32,BUY,v3-ML,Endurance Technologies Limited,Consumer Cyclical,Auto Parts,377398427648.0,58.791666666666686,55.33333333333334,72.62500000000001,369.0,False
MFSL.NS,1818.2,1916.44,2021.55,1995.83,5.4,11.2,9.8,1786.85,1942.19,1708.9,2030.78,1604.29,2163.19,BULLISH,BULLISH,FADING_BULL,1791.96,1729.89,1626.52,76.0,40.0,25.0,1841.9,1870.0,1942.51,1614.54,18.4,0.282,0.124,88.5,65,1780.63,1752.99,BUY,v3-ML,Max Financial Services Limited,Financial Services,Insurance - Life,643076325376.0,52.65833333333334,45.54166666666667,81.125,672.0,False
ABCAPITAL.NS,346.2,363.04,382.81,403.29,4.9,10.6,16.5,341.35,371.28,326.33,388.36,306.2,413.9,BULLISH,BULLISH,BULLISH,348.46,346.87,315.8,57.5,17.1,25.2,344.65,364.05,357.61,335.02,6.5,0.146,-0.043,81.0,57,345.67,365.13,SELL,v3-ML,ABCAPITAL,,,,,,,,False
UNOMINDA.NS,1197.9,1239.31,1318.65,1364.58,3.5,10.1,13.9,1138.22,1286.94,1065.84,1374.34,971.13,1508.37,BULLISH,BEARISH,BULLISH,1205.41,1216.76,1198.3,62.1,11.0,36.8,1190.5,1335.62,1257.26,1159.23,8.1,0.259,-0.124,45.0,51,1206.07,1119.3,BUY,v3-ML,UNO Minda Limited,Consumer Cyclical,Auto Parts,698982596608.0,53.95000000000001,52.29166666666667,60.583333333333336,596.0,False
PRESTIGE.NS,1401.8,1469.95,1536.07,1465.16,4.9,9.6,4.5,1348.41,1503.61,1272.06,1593.87,1171.27,1731.02,BULLISH,BEARISH,BEARISH,1494.62,1532.36,1570.67,23.6,15.9,32.7,1388.8,1529.1,1623.35,1406.15,14.3,0.498,-0.228,19.0,63,1505.69,1571.77,SELL,v3-ML,Prestige Estates Projects Limited,Real Estate,Real Estate - Diversified,614005932032.0,43.51666666666668,44.62500000000001,39.08333333333334,1092.0,False
SWIGGY.NS,306.2,307.38,334.91,390.12,0.4,9.4,27.4,285.14,329.03,264.12,355.22,236.97,395.92,BULLISH,BEARISH,BEARISH,324.37,343.13,373.77,34.3,13.7,42.9,306.3,327.65,352.87,297.77,16.9,0.788,-0.592,15.0,62,327.86,301.72,BUY,v3-ML,SWIGGY,,,,,,,,True
NATIONALUM.NS,357.75,365.33,389.98,401.5,2.1,9.0,12.2,331.36,395.8,301.31,435.28,263.35,498.02,BULLISH,BULLISH,FADING_BEAR,353.51,337.59,269.6,54.7,8.5,53.3,259.75,369.7,382.03,331.51,14.2,0.649,0.526,81.0,63,362.53,369.87,SELL,v3-ML,National Aluminium Company Limited,Basic Materials,Aluminum,665692995584.0,67.99166666666667,69.66666666666667,61.29166666666667,59.0,False
AUBANK.NS,962.7,984.65,1045.35,1141.01,2.3,8.6,18.5,927.26,1031.2,876.01,1091.53,808.24,1183.05,BULLISH,BULLISH,BEARISH,995.02,980.8,882.93,47.0,17.6,31.9,948.7,987.9,1028.19,961.29,6.7,0.183,0.046,35.0,55,990.83,1056.74,SELL,v3-ML,AU Small Finance Bank Limited,Financial Services,Banks - Regional,730070253568.0,58.93333333333333,62.86458333333333,43.208333333333336,363.0,False
FORTIS.NS,952.6,964.89,1034.62,1119.33,1.3,8.6,17.5,916.5,1001.69,873.94,1050.47,817.02,1123.65,BULLISH,BULLISH,BULLISH,907.89,902.08,892.48,81.1,16.5,26.7,919.55,958.15,964.18,832.44,14.7,0.059,0.043,85.0,51,897.97,886.86,BUY,v3-ML,Fortis Healthcare Limited,Healthcare,Medical Care Facilities,723853836288.0,52.53333333333334,46.083333333333336,78.33333333333334,680.0,False
HUDCO.NS,187.34,191.4,203.42,198.3,2.2,8.6,5.9,178.78,202.54,167.23,216.53,152.14,238.0,BULLISH,BEARISH,FADING_BULL,195.62,203.52,214.07,47.3,17.6,37.4,186.68,194.87,200.25,186.91,6.9,0.596,-0.282,19.0,77,193.84,205.43,SELL,v3-ML,HUDCO,,,,,,,,False
PERSISTENT.NS,4750.0,4823.8,5146.68,5450.75,1.6,8.4,14.8,4464.61,5067.48,4172.04,5422.84,3790.23,5969.11,BULLISH,BEARISH,FADING_BEAR,5417.13,5780.07,5784.06,17.4,42.4,38.0,4662.0,5628.0,6513.28,4570.02,35.1,0.582,-0.422,6.3,67,5376.38,5509.3,SELL,v3-ML,Persistent Systems Limited,Technology,Information Technology Services,764785721344.0,58.783333333333346,64.75000000000001,34.91666666666667,370.0,True
JSL.NS,779.15,812.38,842.89,887.57,4.3,8.2,13.9,743.33,854.98,689.7,921.45,620.31,1024.53,BULLISH,BEARISH,BULLISH,783.13,785.03,756.11,53.5,10.9,42.0,777.5,799.85,828.68,738.71,11.5,0.009,-0.02,65.0,35,783.96,810.86,SELL,v3-ML,Jindal Stainless Limited,Basic Materials,Steel,657080582144.0,47.116666666666674,45.54166666666667,53.41666666666667,960.0,False
DALBHARAT.NS,1999.8,2117.97,2162.4,2111.1,5.9,8.1,5.6,1990.36,2161.98,1904.2,2259.82,1788.52,2405.98,BULLISH,BEARISH,FADING_BEAR,2107.58,2110.77,2121.03,42.5,14.1,24.8,1944.6,2090.8,2206.65,2029.27,8.4,0.239,0.086,19.0,59,2105.7,2036.26,BUY,v3-ML,Dalmia Bharat Limited,Basic Materials,Building Materials,389161811968.0,47.71666666666667,49.16666666666668,41.91666666666667,935.0,False
IDEA.NS,10.74,10.9,11.57,12.77,1.5,7.7,18.9,10.27,12.08,9.42,13.18,8.32,14.91,BULLISH,BULLISH,FADING_BEAR,11.13,10.95,9.64,50.3,14.1,48.8,9.83,11.41,11.83,10.71,9.9,0.007,-0.024,81.0,42,11.25,10.49,BUY,v3-ML,IDEA,,,,,,,,False
SBICARD.NS,771.4,790.81,828.94,809.33,2.5,7.5,4.9,749.31,814.34,716.67,851.43,672.87,906.85,BULLISH,BEARISH,FADING_BULL,782.5,805.57,848.88,62.2,7.0,25.0,779.6,901.55,801.92,737.34,8.4,0.684,-0.289,19.0,73,767.15,803.79,SELL,v3-ML,SBICARD,,,,,,,,False
APOLLOTYRE.NS,454.0,477.61,487.18,501.38,5.2,7.3,10.4,442.73,482.11,422.99,504.61,396.53,538.27,BULLISH,BEARISH,FADING_BEAR,478.54,490.84,485.72,24.5,19.2,25.6,453.5,503.44,523.69,443.86,16.5,0.473,-0.153,19.0,58,489.66,489.39,SELL,v3-ML,Apollo Tyres Limited,Consumer Cyclical,Auto Parts,292847976448.0,52.33333333333334,57.333333333333336,32.333333333333336,691.0,False
360ONE.NS,1108.7,1129.27,1186.24,1177.7,1.9,7.0,6.2,1070.01,1195.04,1008.57,1267.85,927.55,1378.59,BULLISH,BEARISH,BULLISH,1129.03,1134.82,1109.26,54.3,6.8,33.2,1119.6,1200.1,1169.04,1093.25,6.7,0.101,-0.046,45.0,49,1131.9,1195.24,SELL,v3-ML,360ONE,,,,,,,,False
BHEL.NS,266.95,276.82,284.86,277.28,3.7,6.7,3.9,246.34,279.18,230.39,298.52,209.54,328.21,BULLISH,BEARISH,BULLISH,262.24,265.52,257.38,46.0,18.9,37.5,242.5,262.8,275.51,251.19,9.2,0.362,-0.173,45.0,63,261.23,247.5,BUY,v3-ML,Bharat Heavy Electricals Limited,Industrials,Specialty Industrial Machinery,912822894592.0,44.54166666666667,41.70833333333334,55.875,1065.0,False
ESCORTS.NS,3520.3,3742.77,3755.26,3781.33,6.3,6.7,7.4,3417.71,3828.55,3216.29,4068.31,2951.2,4433.74,BULLISH,BEARISH,BULLISH,3569.92,3604.12,3564.6,41.3,12.6,34.1,3488.6,3942.22,3810.16,3349.75,12.9,0.186,-0.09,65.0,55,3596.28,3402.36,BUY,v3-ML,Escorts Kubota Limited,Industrials,Farm & Heavy Construction Machinery,397828358144.0,60.050000000000026,58.166666666666686,67.58333333333334,312.0,False
AIAENG.NS,3857.4,3954.43,4109.58,3860.49,2.5,6.5,0.1,3756.45,4169.52,3552.49,4408.91,3282.46,4771.6,BULLISH,BULLISH,FADING_BEAR,3934.8,3887.47,3606.49,54.0,10.4,31.3,3882.7,4021.5,4125.42,3805.26,8.1,0.164,0.067,81.0,62,3978.25,3667.03,BUY,v3-ML,AIA Engineering Limited,Industrials,Specialty Industrial Machinery,366179778560.0,56.658333333333346,57.83333333333334,51.95833333333334,474.0,False
KPRMILL.NS,897.2,948.75,954.85,891.61,5.7,6.4,-0.6,826.14,1009.32,742.19,1123.49,637.69,1307.6,BULLISH,BEARISH,BEARISH,917.71,927.24,991.5,35.0,15.5,60.1,906.2,930.5,1005.13,851.86,16.5,0.108,-0.106,19.0,53,950.28,807.71,BUY,v3-ML,K.P.R. Mill Limited,Consumer Cyclical,Textile Manufacturing,314178830336.0,48.70000000000001,47.79166666666667,52.33333333333334,881.0,False
RVNL.NS,320.6,329.8,341.05,312.7,2.9,6.4,-2.5,301.93,336.72,284.81,356.96,262.22,387.71,BULLISH,BEARISH,BULLISH,318.1,323.7,336.04,57.1,6.2,32.7,304.99,386.74,332.26,301.21,9.8,0.024,-0.053,45.0,51,317.77,329.88,SELL,v3-ML,Rail Vikas Nigam Limited,Industrials,Engineering & Construction,666037583872.0,36.425,34.333333333333336,44.79166666666667,1248.0,False
HINDPETRO.NS,442.05,448.21,468.49,475.76,1.4,6.0,7.6,413.8,465.74,388.42,496.16,355.13,542.68,BULLISH,BEARISH,FADING_BEAR,446.09,450.3,436.39,34.3,12.5,35.5,414.85,447.05,472.22,426.87,10.1,0.144,-0.091,19.0,49,449.76,427.22,BUY,v3-ML,Hindustan Petroleum Corporation Limited,Energy,Oil & Gas Refining & Marketing,933794873344.0,45.283333333333346,43.75000000000001,51.41666666666667,1032.0,False
NLCINDIA.NS,261.0,256.2,275.31,268.24,-1.8,5.5,2.8,249.19,279.06,234.54,296.49,215.26,323.04,BULLISH,BULLISH,FADING_BULL,260.36,256.07,248.31,60.6,14.1,34.0,261.3,270.25,269.26,250.9,7.1,0.597,0.18,81.0,60,259.96,240.29,BUY,v3-ML,NLC India Limited,Utilities,Utilities - Regulated Electric,365794721792.0,53.41666666666667,51.12500000000001,62.58333333333334,621.0,False
GODREJIND.NS,997.55,1045.86,1051.03,993.28,4.8,5.4,-0.4,972.58,1075.93,921.42,1135.67,853.54,1225.99,SIDEWAYS,BEARISH,FADING_BULL,1015.04,1017.4,1075.76,56.1,18.8,30.3,994.35,1054.2,1063.79,956.33,10.6,0.001,-0.004,65.0,50,1019.18,1070.48,SELL,v3-ML,GODREJIND,,,,,,,,False
ICICIPRULI.NS,658.1,670.85,693.8,666.58,1.9,5.4,1.3,652.93,698.23,629.91,723.74,598.7,761.48,SIDEWAYS,BULLISH,BULLISH,654.39,649.87,632.19,68.0,15.7,20.1,638.7,688.45,672.18,628.95,6.6,0.051,0.035,81.0,57,648.27,636.59,BUY,v3-ML,ICICI Prudential Life Insurance Company Limited,Financial Services,Insurance - Life,979621969920.0,51.00000000000001,44.87500000000001,75.50000000000001,756.0,False
CUMMINSIND.NS,4947.9,4981.88,5201.85,5538.4,0.7,5.1,11.9,4752.58,5172.51,4542.06,5412.25,4259.8,5770.87,BULLISH,BULLISH,FADING_BULL,4576.14,4391.94,4061.07,84.2,40.0,25.4,4363.2,4958.1,5068.13,3944.7,24.9,0.017,0.041,92.5,54,4505.5,4563.21,BUY,v3-ML,Cummins India Limited,Industrials,Specialty Industrial Machinery,1374523883520.0,59.83333333333334,56.41666666666667,73.50000000000001,321.0,True
YESBANK.NS,20.8,20.69,21.85,22.35,-0.5,5.0,7.5,20.23,21.94,19.37,22.92,18.21,24.37,BULLISH,BEARISH,BULLISH,21.18,21.56,21.3,45.4,14.6,24.4,20.72,21.24,21.65,20.67,4.6,0.257,-0.098,19.0,59,21.18,21.78,SELL,v3-ML,Yes Bank Limited,Financial Services,Banks - Regional,662413639680.0,60.20833333333334,62.083333333333336,52.708333333333336,302.0,False
COROMANDEL.NS,2244.7,2302.79,2354.67,2229.5,2.6,4.9,-0.7,2207.79,2380.25,2120.69,2478.01,2003.2,2623.35,SIDEWAYS,BULLISH,FADING_BULL,2291.21,2284.75,2272.59,53.5,12.7,22.6,2274.8,2398.74,2354.65,2216.61,6.0,0.04,-0.021,81.0,50,2279.36,2189.8,BUY,v3-ML,Coromandel International Limited,Basic Materials,Agricultural Inputs,677861720064.0,51.22500000000002,47.000000000000014,68.12500000000001,743.0,False
PHOENIXLTD.NS,1670.6,1700.44,1750.97,1842.1,1.8,4.8,10.3,1627.58,1767.3,1557.41,1846.93,1463.18,1965.86,BULLISH,BEARISH,BEARISH,1736.72,1754.39,1692.16,41.3,10.0,24.7,1631.5,1784.0,1808.8,1645.0,9.5,0.1,-0.081,19.0,63,1712.4,1801.65,SELL,v3-ML,The Phoenix Mills Limited,Real Estate,Real Estate - Diversified,606477746176.0,58.89166666666667,62.41666666666667,44.79166666666667,365.0,False
BLUESTARCO.NS,1948.4,1924.2,2039.3,1914.06,-1.2,4.7,-1.8,1862.41,2035.85,1775.76,2135.19,1659.9,2284.22,BULLISH,BULLISH,BEARISH,1925.01,1868.94,1834.76,62.8,45.3,26.7,1793.2,2016.7,2055.28,1810.46,12.7,0.494,0.192,91.2,76,1911.5,1846.73,BUY,v3-ML,Blue Star Limited,Industrials,Building Products & Equipment,400120840192.0,52.72500000000001,47.04166666666667,75.45833333333334,668.0,False
PREMIERENE.NS,735.1,760.62,769.64,709.17,3.5,4.7,-3.5,675.12,792.38,619.67,863.27,548.86,974.66,BULLISH,BEARISH,BEARISH,761.84,796.07,909.87,33.1,15.2,48.0,683.1,777.05,821.94,715.37,13.9,0.549,-0.428,19.0,64,757.32,726.37,BUY,v3-ML,Premier Energies Limited,Technology,Solar,328525774848.0,66.10000000000001,71.45833333333334,44.66666666666667,94.0,False
ASHOKLEY.NS,212.2,215.1,221.87,230.17,1.4,4.6,8.5,202.28,222.88,192.06,234.74,178.45,252.64,BULLISH,BULLISH,FADING_BEAR,204.83,192.11,159.86,62.8,45.6,29.1,204.63,212.33,215.79,195.39,9.9,0.947,0.428,91.3,89,205.34,198.51,BUY,v3-ML,Ashok Leyland Limited,Industrials,Farm & Heavy Construction Machinery,1247841615872.0,55.88333333333335,50.29166666666667,78.25000000000001,511.0,False
BERGEPAINT.NS,456.05,464.12,476.83,451.09,1.8,4.6,-1.1,445.49,478.3,428.87,496.83,406.39,524.32,BULLISH,BEARISH,BULLISH,468.67,492.05,525.25,39.3,53.3,21.3,455.45,463.4,478.38,450.14,6.1,0.902,-0.41,4.8,81,461.75,482.89,SELL,v3-ML,Berger Paints (I) Limited,Basic Materials,Specialty Chemicals,538888273920.0,47.183333333333344,49.16666666666667,39.25000000000001,956.0,False
HDFCAMC.NS,2718.8,2782.05,2844.38,2783.99,2.3,4.6,2.4,2624.25,2881.35,2496.24,3029.12,2325.56,3251.43,BULLISH,BULLISH,FADING_BEAR,2724.53,2682.93,2647.18,53.2,20.8,28.0,2429.7,2863.6,2920.15,2567.03,12.9,0.179,0.095,81.0,73,2722.74,2866.13,SELL,v3-ML,HDFC Asset Management Company Limited,Financial Services,Asset Management,1177163005952.0,72.70000000000002,72.66666666666667,72.83333333333334,18.0,True
DABUR.NS,522.45,529.15,545.28,527.86,1.3,4.4,1.0,506.98,536.54,491.84,553.06,471.17,577.32,BULLISH,BULLISH,BULLISH,513.79,511.76,506.74,60.5,10.6,17.0,512.45,525.35,526.69,496.71,5.9,0.244,0.056,81.0,65,510.93,497.01,BUY,v3-ML,Dabur India Limited,Consumer Defensive,Household & Personal Products,924624617472.0,53.60833333333334,48.66666666666667,73.37500000000001,609.0,False
ATGL.NS,513.95,532.86,535.74,506.36,3.7,4.2,-1.5,492.78,545.24,466.81,575.57,432.37,621.43,BULLISH,BEARISH,FADING_BEAR,529.69,547.45,588.94,33.5,16.3,30.4,515.15,525.6,553.95,508.59,8.5,0.827,-0.253,19.0,69,535.91,550.3,SELL,v3-ML,Adani Total Gas Limited,Utilities,Utilities - Regulated Gas,569508036608.0,49.533333333333346,53.33333333333334,34.33333333333334,840.0,False
CRISIL.NS,4392.6,4526.02,4577.47,4512.23,3.0,4.2,2.7,4265.32,4764.69,4019.97,5055.5,3696.48,5497.92,SIDEWAYS,BEARISH,BEARISH,4586.11,4597.37,4753.68,34.8,18.4,33.2,4190.9,4593.7,4836.15,4419.98,9.0,0.268,0.111,19.0,56,4611.84,4319.32,BUY,v3-ML,CRISIL Limited,Financial Services,Financial Data & Stock Exchanges,330120396800.0,52.96666666666668,57.750000000000014,33.833333333333336,649.0,False
AWL.NS,189.19,192.23,196.88,171.61,1.6,4.1,-9.3,185.01,196.34,179.22,202.68,171.33,212.01,BULLISH,BEARISH,BEARISH,202.96,216.77,242.46,9.6,33.5,17.8,190.59,204.05,222.01,188.08,16.5,0.939,-0.525,10.7,82,206.08,205.68,SELL,v3-ML,AWL Agri Business Limited,Consumer Defensive,Packaged Foods,246713057280.0,35.60000000000001,37.41666666666667,28.333333333333343,1263.0,False
NYKAA.NS,267.09,271.29,277.93,290.17,1.6,4.1,8.6,253.51,283.1,238.97,300.33,219.8,326.53,BULLISH,BULLISH,FADING_BEAR,264.84,259.93,244.25,40.5,28.0,33.1,234.7,280.69,291.93,238.93,20.0,0.126,0.092,82.5,73,268.63,251.42,BUY,v3-ML,FSN E-Commerce Ventures Limited,Consumer Cyclical,Internet Retail,768358940672.0,48.63333333333334,42.20833333333334,74.33333333333334,888.0,False
IDFCFIRSTB.NS,73.63,71.72,76.51,78.51,-2.6,3.9,6.6,64.47,78.02,58.21,86.4,50.38,99.84,BULLISH,BEARISH,BEARISH,79.21,81.1,77.47,21.2,24.8,57.2,70.04,84.2,91.96,70.01,27.1,0.088,-0.087,15.0,53,73.95,81.82,SELL,v3-ML,IDFC First Bank Limited,Financial Services,Banks - Regional,609150173184.0,46.52500000000001,49.32291666666667,35.333333333333336,982.0,False
SYNGENE.NS,423.85,441.69,440.5,447.57,4.2,3.9,5.6,407.37,469.96,377.38,507.31,338.65,565.34,SIDEWAYS,BEARISH,BULLISH,462.18,523.04,602.95,42.6,46.8,42.9,432.9,446.95,478.57,419.45,13.2,0.799,-1.086,4.1,75,451.29,469.96,SELL,v3-ML,Syngene International Limited,Healthcare,Diagnostics & Research,175987359744.0,47.80000000000001,50.00000000000001,39.00000000000001,931.0,False
BHARTIHEXA.NS,1621.8,1645.23,1683.29,1710.1,1.4,3.8,5.4,1547.38,1708.4,1467.54,1801.34,1361.49,1941.67,BULLISH,BEARISH,BEARISH,1665.01,1684.38,1719.6,26.6,15.7,29.7,1535.2,1697.8,1740.16,1595.51,8.7,0.278,-0.145,19.0,61,1662.93,1586.9,BUY,v3-ML,Bharti Hexacom Limited,Communication Services,Telecom Services,827650015232.0,52.366666666666674,52.00000000000001,53.83333333333334,689.0,True
JSWINFRA.NS,256.45,262.17,266.26,278.75,2.2,3.8,8.7,242.08,266.72,229.85,280.91,213.57,302.32,BULLISH,BEARISH,BEARISH,259.36,265.97,283.22,43.7,11.6,29.1,252.85,258.85,268.48,251.17,6.7,0.423,-0.141,19.0,72,260.84,271.28,SELL,v3-ML,JSW Infrastructure Limited,Industrials,Marine Shipping,529518755840.0,57.47500000000001,63.04166666666667,35.20833333333334,434.0,False
TATATECH.NS,587.15,600.57,609.27,600.41,2.3,3.8,2.3,560.43,613.67,533.87,644.21,498.39,690.07,BULLISH,BEARISH,FADING_BEAR,610.31,632.95,665.77,36.2,23.9,27.2,572.15,607.7,664.77,565.76,16.1,0.583,-0.186,19.0,71,612.46,632.54,SELL,v3-ML,Tata Technologies Limited,Technology,Information Technology Services,237854916608.0,46.66666666666668,49.750000000000014,34.33333333333334,977.0,False
BIOCON.NS,390.95,416.06,404.88,412.05,6.4,3.6,5.4,387.73,411.11,375.77,424.2,359.45,443.45,SIDEWAYS,BULLISH,BULLISH,382.18,380.35,373.11,89.6,27.3,17.6,378.95,410.0,397.31,358.99,10.1,0.198,-0.069,82.1,62,377.99,372.8,BUY,v3-ML,Biocon Limited,Healthcare,Biotechnology,648218279936.0,56.741666666666674,52.708333333333336,72.875,471.0,False
IRCTC.NS,588.75,618.98,609.72,594.54,5.1,3.6,1.0,576.01,629.27,549.38,659.77,513.77,705.5,SIDEWAYS,BEARISH,FADING_BULL,620.67,635.54,678.82,43.8,9.1,26.5,602.05,618.89,640.53,597.39,7.0,0.631,-0.214,19.0,77,622.12,646.43,SELL,v3-ML,Indian Railway Catering And Tourism Corporation Limited,Consumer Cyclical,Travel Services,481879982080.0,65.07500000000002,72.29166666666667,36.20833333333334,126.0,False
KEI.NS,5087.0,5081.73,5269.24,5492.79,-0.1,3.6,8.0,4697.94,5330.64,4390.81,5703.5,3989.93,6276.55,BULLISH,BULLISH,BULLISH,4600.0,4415.18,4115.05,80.8,30.6,37.9,4483.6,5004.3,5040.07,4082.77,21.0,0.28,0.166,87.8,70,4524.41,4574.28,BUY,v3-ML,KEI Industries Limited,Industrials,Electrical Equipment & Parts,477993402368.0,60.033333333333346,56.66666666666667,73.50000000000001,314.0,True
UPL.NS,640.85,652.04,663.42,678.04,1.7,3.5,5.8,574.2,700.36,516.3,778.9,444.15,905.42,BULLISH,BEARISH,BEARISH,707.51,729.33,717.29,25.6,21.1,59.6,626.2,749.0,811.41,625.98,25.8,0.25,-0.188,15.0,57,695.07,719.31,SELL,v3-ML,UPL Limited,Basic Materials,Agricultural Inputs,536755437568.0,36.21666666666667,36.87500000000001,33.58333333333334,1251.0,False
ALKEM.NS,5670.5,5815.25,5856.51,6000.01,2.6,3.3,5.8,5446.34,6076.93,5136.23,6443.83,4727.06,7001.61,SIDEWAYS,BEARISH,BULLISH,5571.34,5588.7,5431.79,54.4,24.3,32.9,5477.34,5842.9,5888.15,5260.4,11.3,0.001,0.003,65.0,47,5546.52,5848.48,SELL,v3-ML,Alkem Laboratories Limited,Healthcare,Drug Manufacturers - Specialty & Generic,686781366272.0,57.59166666666668,54.08333333333334,71.62500000000001,430.0,False
GMRAIRPORT.NS,102.0,104.02,105.39,104.82,2.0,3.3,2.8,97.27,108.32,91.83,114.74,84.64,124.49,SIDEWAYS,BULLISH,BULLISH,99.29,98.88,95.21,65.0,13.1,32.3,99.06,105.77,103.74,92.87,11.1,0.216,-0.096,81.0,50,97.73,94.11,BUY,v3-ML,GMRAIRPORT,,,,,,,,False
MEDANTA.NS,1143.9,1152.22,1179.18,1232.3,0.7,3.1,7.7,1091.97,1241.21,1019.62,1329.28,925.29,1464.79,SIDEWAYS,BEARISH,BULLISH,1143.42,1153.47,1216.92,55.3,12.0,38.4,1139.3,1238.5,1194.58,1086.41,9.5,0.112,-0.078,65.0,53,1128.32,1072.84,BUY,v3-ML,Global Health Limited,Healthcare,Medical Care Facilities,313231245312.0,58.56666666666669,55.95833333333334,69.00000000000001,381.0,False
INDIANB.NS,997.95,983.45,1028.53,1111.53,-1.5,3.1,11.4,922.02,1057.84,856.66,1138.56,771.94,1263.5,BULLISH,BULLISH,FADING_BULL,925.04,883.06,788.02,78.1,20.7,41.2,873.7,987.6,1003.16,823.62,19.7,0.821,0.312,85.0,60,909.17,914.76,BUY,v3-ML,Indian Bank,Financial Services,Banks - Regional,1328986587136.0,65.88333333333335,63.69791666666667,74.62500000000001,100.0,False
COCHINSHIP.NS,1479.8,1507.83,1523.26,1526.96,1.9,2.9,3.2,1385.31,1598.3,1283.25,1725.42,1151.45,1922.92,SIDEWAYS,BEARISH,FADING_BULL,1510.62,1548.83,1655.58,49.5,7.7,42.9,1482.9,1528.6,1588.4,1433.49,10.3,0.448,-0.157,19.0,65,1533.48,1467.48,BUY,v3-ML,Cochin Shipyard Limited,Industrials,Aerospace & Defense,390336118784.0,49.77500000000001,51.750000000000014,41.87500000000001,830.0,False
EXIDEIND.NS,336.9,337.65,346.73,332.86,0.2,2.9,-1.2,322.86,351.03,308.72,367.11,289.75,391.14,SIDEWAYS,BEARISH,FADING_BULL,337.42,345.23,366.85,55.1,10.8,25.1,320.85,338.4,347.97,323.89,7.2,0.708,-0.249,19.0,79,334.91,320.25,BUY,v3-ML,Exide Industries Limited,Consumer Cyclical,Auto Parts,286274027520.0,49.000000000000014,48.54166666666667,50.83333333333334,862.0,False
IREDA.NS,123.06,125.04,126.66,121.56,1.6,2.9,-1.2,120.5,132.07,114.72,138.71,107.02,148.7,SIDEWAYS,BEARISH,BULLISH,127.93,132.26,143.41,43.8,26.0,27.5,123.56,127.23,131.91,123.27,6.8,0.402,-0.166,18.5,75,127.35,135.05,SELL,v3-ML,IREDA,,,,,,,,False
ACC.NS,1595.8,1635.08,1639.2,1604.69,2.5,2.7,0.6,1564.1,1679.97,1505.42,1745.46,1426.06,1842.58,SIDEWAYS,BEARISH,FADING_BEAR,1649.67,1695.29,1787.08,36.2,36.9,21.4,1612.6,1640.6,1712.14,1588.92,7.5,0.875,-0.189,13.1,84,1653.52,1694.75,SELL,v3-ML,ACC Limited,Basic Materials,Building Materials,304778739712.0,50.80000000000001,53.50000000000001,40.0,766.0,False
BANKINDIA.NS,177.8,178.77,182.59,175.25,0.5,2.7,-1.4,163.96,189.14,151.89,204.17,136.3,227.52,BULLISH,BULLISH,FADING_BULL,168.21,159.55,139.87,69.2,26.9,42.9,169.16,176.1,179.83,154.43,15.2,0.897,0.372,82.0,70,165.9,163.71,BUY,v3-ML,Bank of India,Financial Services,Banks - Regional,798082662400.0,64.825,61.71875,77.25000000000001,135.0,False
SRF.NS,2573.9,2646.7,2631.5,2720.54,2.8,2.2,5.7,2462.53,2791.8,2302.59,2985.72,2093.71,3283.59,SIDEWAYS,BEARISH,FADING_BEAR,2759.44,2848.33,2928.69,25.7,22.5,37.6,2583.6,2847.8,3054.39,2544.28,18.2,0.369,-0.196,19.0,56,2788.74,2835.33,SELL,v3-ML,SRF Limited,Industrials,Conglomerates,777463070720.0,47.033333333333346,49.83333333333334,35.83333333333334,962.0,False
MPHASIS.NS,2296.9,2325.16,2344.47,2593.94,1.2,2.1,12.9,2173.05,2413.67,2054.3,2553.19,1897.16,2764.66,SIDEWAYS,BEARISH,FADING_BEAR,2474.42,2630.96,2711.64,16.5,35.0,31.5,2223.0,2465.2,2865.04,2157.0,28.2,0.722,-0.411,10.0,70,2497.04,2525.86,SELL,v3-ML,MphasiS Limited,Technology,Information Technology Services,437311733760.0,47.91666666666668,51.50000000000001,33.58333333333334,926.0,False
KALYANKJIL.NS,414.0,415.44,422.4,418.14,0.3,2.0,1.0,365.97,455.98,325.34,512.92,275.4,605.92,BULLISH,BEARISH,FADING_BULL,412.04,432.85,478.67,60.7,8.7,66.0,361.65,520.75,450.58,359.32,22.5,0.504,-0.475,19.0,56,417.21,377.04,BUY,v3-ML,Kalyan Jewellers India Limited,Consumer Cyclical,Luxury Goods,420923441152.0,53.00000000000001,52.66666666666667,54.33333333333334,647.0,False
OBEROIRLTY.NS,1527.4,1535.82,1555.74,1544.07,0.6,1.9,1.1,1441.66,1603.02,1362.09,1696.67,1256.87,1838.7,SIDEWAYS,BEARISH,BULLISH,1538.22,1575.53,1638.69,46.8,21.6,31.8,1453.9,1737.65,1590.17,1479.66,7.2,0.465,-0.2,19.0,70,1521.37,1611.62,SELL,v3-ML,Oberoi Realty Limited,Real Estate,Real Estate - Development,554685497344.0,64.16666666666667,66.91666666666667,53.16666666666667,154.0,False
FACT.NS,745.45,786.96,759.09,840.76,5.6,1.8,12.8,721.05,805.17,679.71,854.14,625.19,928.62,SIDEWAYS,BEARISH,FADING_BEAR,789.49,818.66,866.15,39.5,23.2,33.1,756.8,801.35,828.21,752.06,9.6,0.425,-0.216,19.0,64,795.05,833.02,SELL,v3-ML,Fertilizers and Chemicals Travancore Limited,Basic Materials,Agricultural Inputs,494104150016.0,22.433333333333337,19.833333333333336,32.83333333333334,1351.0,False
MARICO.NS,793.85,805.97,806.45,818.3,1.5,1.6,3.1,781.83,831.95,756.27,860.07,721.49,901.53,SIDEWAYS,BULLISH,FADING_BULL,777.97,760.38,733.57,73.5,25.6,18.6,760.15,810.35,823.33,714.35,14.2,0.493,0.114,81.3,69,758.61,762.7,BUY,v3-ML,Marico Limited,Consumer Defensive,Household & Personal Products,1046798794752.0,57.33333333333335,52.41666666666668,77.00000000000001,443.0,False
POLYCAB.NS,8610.0,8541.52,8749.27,9337.21,-0.8,1.6,8.4,7940.71,8953.69,7446.59,9547.81,6799.02,10457.18,BULLISH,BULLISH,BULLISH,7807.74,7600.22,7235.64,77.8,21.9,36.0,7587.5,8432.0,8428.91,7048.59,17.8,0.194,0.109,85.0,60,7759.28,7869.0,BUY,v3-ML,Polycab India Limited,Industrials,Electrical Equipment & Parts,1271225384960.0,66.37500000000003,65.25000000000001,70.87500000000001,88.0,False
MAHABANK.NS,75.46,73.72,76.6,75.66,-2.3,1.5,0.3,70.64,78.67,66.69,83.34,61.46,90.43,SIDEWAYS,BULLISH,BULLISH,68.23,64.82,58.96,81.8,30.4,32.3,65.44,74.55,73.87,60.67,19.6,0.871,0.359,87.7,80,68.21,67.88,BUY,v3-ML,Bank of Maharashtra,Financial Services,Banks - Regional,575020662784.0,71.67500000000001,70.88541666666667,74.83333333333334,25.0,False
NHPC.NS,75.81,75.01,76.86,73.25,-1.1,1.4,-3.4,72.69,79.29,69.39,83.06,64.97,88.72,SIDEWAYS,BEARISH,FADING_BEAR,76.19,77.09,79.46,40.1,24.5,26.1,73.71,77.04,78.81,74.02,6.3,0.0,0.001,19.0,50,76.54,78.98,SELL,v3-ML,NHPC Limited,Utilities,Utilities - Renewable,757596487680.0,34.716666666666676,33.62500000000001,39.08333333333334,1282.0,False
BALKRISIND.NS,2402.7,2452.78,2433.38,2339.29,2.1,1.3,-2.6,2298.7,2626.2,2140.57,2820.21,1935.07,3119.7,SIDEWAYS,BULLISH,BEARISH,2526.88,2474.02,2430.98,16.6,30.4,40.0,2289.42,2716.3,2800.71,2323.69,18.6,0.491,0.195,32.3,67,2558.29,2305.15,BUY,v3-ML,Balkrishna Industries Limited,Consumer Cyclical,Auto Parts,476333539328.0,50.33333333333334,48.08333333333334,59.33333333333334,792.0,False
PGHH.NS,11447.0,11570.06,11597.61,11364.82,1.1,1.3,-0.7,11188.35,11748.49,10899.66,12059.66,10503.56,12514.44,SIDEWAYS,BEARISH,BULLISH,11664.84,11996.13,12664.84,19.4,42.9,14.7,11443.0,11594.0,11997.93,11326.66,5.8,0.746,-0.201,10.1,80,11694.9,11905.9,SELL,v3-ML,Procter & Gamble Hygiene and Health Care Limited,Consumer Defensive,Household & Personal Products,372292190208.0,53.933333333333344,56.33333333333334,44.33333333333334,597.0,False
GICRE.NS,383.5,389.63,387.67,376.55,1.6,1.1,-1.8,377.73,406.19,363.33,422.29,343.87,446.18,SIDEWAYS,BULLISH,BULLISH,384.45,380.21,379.15,59.1,17.2,21.8,380.5,398.35,400.45,368.2,8.4,0.14,0.049,81.0,65,384.68,368.79,BUY,v3-ML,General Insurance Corporation of India,Financial Services,Insurance - Reinsurance,687637069824.0,58.07500000000001,54.25000000000001,73.37500000000001,404.0,False
SUPREMEIND.NS,3976.0,4081.72,4017.16,3831.47,2.7,1.0,-3.6,3878.0,4240.08,3697.12,4447.52,3455.33,4758.74,SIDEWAYS,BULLISH,BULLISH,3833.45,3701.21,3802.8,77.8,39.5,26.8,3873.2,4055.0,4112.25,3523.77,15.4,0.796,0.289,92.3,86,3789.01,3813.36,BUY,v3-ML,Supreme Industries Limited,Industrials,Building Products & Equipment,515316678656.0,50.116666666666674,44.70833333333334,71.75000000000001,807.0,False
PIIND.NS,3148.7,3099.71,3173.35,3140.71,-1.6,0.8,-0.3,2987.74,3271.28,2846.26,3433.9,2657.28,3678.1,SIDEWAYS,BEARISH,BULLISH,3123.22,3198.9,3449.14,50.2,8.4,27.2,3124.17,3404.11,3264.87,2986.99,8.9,0.662,-0.134,45.0,70,3132.99,3335.31,SELL,v3-ML,PI Industries Limited,Basic Materials,Agricultural Inputs,474239500288.0,53.02500000000001,54.750000000000014,46.12500000000001,644.0,False
PATANJALI.NS,513.0,510.98,516.85,532.52,-0.4,0.8,3.8,492.14,532.46,471.83,555.37,444.5,589.52,SIDEWAYS,BEARISH,FADING_BULL,523.87,532.22,560.53,41.0,7.5,23.6,496.1,576.45,543.89,498.02,8.8,0.283,-0.117,19.0,68,519.01,491.44,BUY,v3-ML,Patanjali Foods Limited,Consumer Defensive,Packaged Foods,558168539136.0,51.83333333333334,51.70833333333334,52.33333333333334,718.0,False
SCHAEFFLER.NS,4402.0,4494.96,4432.06,4469.02,2.1,0.7,1.5,4121.7,4643.02,3867.22,4948.54,3533.51,5415.9,SIDEWAYS,BULLISH,BULLISH,3934.66,3870.97,3894.24,75.1,20.6,35.7,3814.2,4374.6,4253.29,3531.25,18.6,0.027,0.03,85.0,52,4073.37,3941.29,BUY,v3-ML,Schaeffler India Limited,Consumer Cyclical,Auto Parts,683453448192.0,63.683333333333344,61.000000000000014,74.41666666666667,174.0,False
TATAINVEST.NS,661.0,669.55,664.7,815.55,1.3,0.6,23.4,613.58,707.25,568.66,763.12,510.62,849.86,SIDEWAYS,BEARISH,FADING_BULL,657.18,670.71,704.16,58.8,20.0,42.6,630.15,724.3,701.99,596.54,16.2,0.501,-0.23,45.0,71,687.3,614.68,BUY,v3-ML,Tata Investment Corporation Limited,Financial Services,Capital Markets,333675986944.0,76.23333333333333,80.52083333333333,59.083333333333336,5.0,False
LICHSGFIN.NS,541.75,540.32,544.5,525.57,-0.3,0.5,-3.0,520.32,572.32,494.47,602.24,460.04,647.31,SIDEWAYS,BEARISH,BULLISH,525.72,528.69,550.14,69.1,17.4,28.6,507.65,549.4,544.61,497.79,9.0,0.219,-0.057,65.0,57,517.55,514.12,BUY,v3-ML,LICHSGFIN,,,,,,,,False
SJVN.NS,73.41,75.21,73.77,72.79,2.5,0.5,-0.8,70.44,79.6,65.98,84.98,60.14,93.24,SIDEWAYS,BEARISH,FADING_BULL,74.4,75.09,82.01,60.4,9.3,36.7,69.29,86.31,78.43,69.2,12.5,0.01,0.027,45.0,41,75.26,69.92,BUY,v3-ML,SJVN Limited,Utilities,Utilities - Renewable,293791498240.0,54.491666666666674,53.62500000000001,57.95833333333334,572.0,False
THERMAX.NS,3147.0,3193.19,3161.88,2935.3,1.5,0.5,-6.7,3029.81,3392.23,2852.05,3603.65,2618.03,3925.77,SIDEWAYS,BULLISH,FADING_BULL,3035.22,2996.76,3124.38,71.5,14.1,33.9,3148.2,3205.9,3239.84,2741.95,16.6,0.206,0.084,85.0,44,2979.4,2899.04,BUY,v3-ML,Thermax Limited,Industrials,Conglomerates,360801665024.0,58.158333333333346,54.54166666666667,72.62500000000001,399.0,False
NMDC.NS,82.32,83.44,82.51,87.07,1.4,0.2,5.8,78.29,87.95,73.57,93.59,67.37,102.21,SIDEWAYS,BULLISH,BULLISH,80.54,79.18,74.53,54.5,9.2,34.9,81.6,83.62,84.0,77.68,7.8,0.423,0.142,81.0,69,81.01,76.1,BUY,v3-ML,NMDC Limited,Basic Materials,Steel,728841650176.0,60.99166666666668,57.500000000000014,74.95833333333334,272.0,False
BHARATFORG.NS,1918.6,1911.34,1918.64,1850.76,-0.4,0.0,-3.5,1794.01,2001.68,1691.88,2122.5,1557.13,2306.18,SIDEWAYS,BULLISH,FADING_BULL,1714.45,1580.49,1390.55,92.2,57.3,32.9,1555.72,1902.0,1965.95,1408.42,33.0,0.656,0.36,100.0,68,1689.2,1762.38,BUY,v3-ML,Bharat Forge Limited,Consumer Cyclical,Auto Parts,904926199808.0,50.266666666666666,44.208333333333336,74.5,796.0,False
AUROPHARMA.NS,1231.6,1269.03,1228.8,1144.43,3.0,-0.2,-7.1,1162.63,1326.79,1083.29,1423.96,980.12,1573.85,SIDEWAYS,BULLISH,BULLISH,1178.73,1176.92,1156.21,57.7,10.9,39.6,1150.6,1242.0,1240.73,1119.03,10.3,0.126,-0.049,85.0,49,1176.3,1109.95,BUY,v3-ML,Aurobindo Pharma Limited,Healthcare,Drug Manufacturers - Specialty & Generic,722575228928.0,59.24166666666668,55.83333333333334,72.87500000000001,346.0,False
HEXT.NS,473.15,493.95,471.88,508.09,4.4,-0.3,7.4,437.92,516.52,400.89,564.23,353.75,639.42,SIDEWAYS,BEARISH,FADING_BEAR,568.94,640.67,708.43,23.2,54.4,49.5,467.2,594.3,738.36,427.75,53.3,0.749,-0.933,0.3,63,582.26,582.06,SELL,v3-ML,Hexaware Technologies Limited,Technology,Information Technology Services,290322907136.0,49.650000000000006,53.66666666666667,33.58333333333334,838.0,False
HONAUT.NS,31000.0,31128.67,30916.72,31155.77,0.4,-0.3,0.5,29889.65,32599.12,28533.53,34148.46,26717.74,36469.25,SIDEWAYS,BEARISH,BULLISH,31818.2,32724.97,34818.95,39.9,11.6,26.0,30790.0,31375.0,33763.38,30257.12,11.0,0.705,-0.178,19.0,66,32242.05,30021.0,BUY,v3-ML,Honeywell Automation India Limited,Industrials,Electrical Equipment & Parts,277099282432.0,49.02500000000001,51.000000000000014,41.12500000000001,861.0,False
UCOBANK.NS,29.94,30.29,29.85,29.49,1.2,-0.3,-1.5,28.42,30.68,27.28,31.97,25.74,33.88,SIDEWAYS,BEARISH,BULLISH,29.01,29.19,30.03,60.9,9.3,23.0,28.77,30.51,29.69,28.05,5.7,0.028,-0.016,65.0,38,29.03,29.82,SELL,v3-ML,UCO Bank,Financial Services,Banks - Regional,370921078784.0,54.06666666666667,52.34375,60.958333333333336,587.0,False
JUBLFOOD.NS,511.0,521.67,508.71,499.08,2.1,-0.4,-2.3,498.92,545.21,475.79,571.71,444.85,611.47,SIDEWAYS,BEARISH,BEARISH,527.12,537.26,586.15,35.3,22.0,26.6,488.3,529.3,561.46,495.62,12.5,0.5,-0.223,19.0,77,533.77,507.32,BUY,v3-ML,Jubilant Foodworks Limited,Consumer Cyclical,Restaurants,342388146176.0,40.85,39.083333333333336,47.91666666666667,1162.0,False
LUPIN.NS,2319.8,2305.96,2308.89,2346.99,-0.6,-0.5,1.2,2260.64,2390.58,2194.03,2463.15,2103.05,2569.71,SIDEWAYS,BULLISH,BULLISH,2225.36,2174.04,2069.48,82.2,11.0,16.8,2219.4,2324.7,2303.75,2129.07,7.9,0.755,0.129,81.0,72,2211.57,2184.96,BUY,v3-ML,Lupin Limited,Healthcare,Drug Manufacturers - Specialty & Generic,1062625542144.0,66.55833333333334,66.29166666666667,67.62500000000001,83.0,False
BSE.NS,2717.9,2856.34,2702.43,2969.91,5.1,-0.6,9.3,2613.0,3052.04,2404.61,3316.53,2137.64,3730.74,BEARISH,BULLISH,FADING_BEAR,2828.29,2789.52,2601.6,46.3,17.8,46.6,2725.3,3177.1,3177.11,2570.36,21.1,0.253,0.133,55.0,64,2894.0,3052.37,SELL,v3-ML,BSE Limited,Financial Services,Financial Data & Stock Exchanges,1138095554560.0,75.42500000000001,80.66666666666669,54.458333333333336,8.0,True
ITCHOTELS.NS,176.99,179.79,175.35,191.16,1.6,-0.9,8.0,170.44,188.07,161.69,198.25,150.07,213.6,SIDEWAYS,BEARISH,BULLISH,181.82,188.15,204.26,47.3,10.4,29.5,176.68,180.86,189.63,174.83,8.1,0.722,-0.231,19.0,71,182.46,189.29,SELL,v3-ML,ITC Hotels Limited,Consumer Cyclical,Resorts & Casinos,373098020864.0,69.08333333333334,75.33333333333334,44.08333333333334,49.0,False
MANKIND.NS,2254.9,2316.6,2235.58,2224.0,2.7,-0.9,-1.4,2129.54,2382.78,2005.27,2530.44,1841.6,2755.32,SIDEWAYS,BEARISH,BULLISH,2103.11,2142.23,2286.86,73.7,29.6,33.7,2060.5,2311.8,2191.56,1984.14,9.9,0.34,-0.097,71.3,59,2102.53,2046.55,BUY,v3-ML,Mankind Pharma Limited,Healthcare,Drug Manufacturers - Specialty & Generic,929513144320.0,52.59166666666667,47.83333333333334,71.62500000000001,676.0,False
SUZLON.NS,42.9,43.04,42.45,40.3,0.3,-1.0,-6.1,41.26,45.87,38.98,48.54,35.98,52.6,SIDEWAYS,BEARISH,FADING_BEAR,45.9,48.36,53.82,16.9,32.7,31.8,43.18,47.8,50.15,42.68,16.1,0.763,-0.364,11.2,71,46.68,46.79,SELL,v3-ML,Suzlon Energy Limited,Industrials,Specialty Industrial Machinery,597414576128.0,57.83333333333335,63.33333333333334,35.83333333333334,413.0,False
TIINDIA.NS,2746.7,2679.72,2719.38,2681.4,-2.4,-1.0,-2.4,2416.53,2869.73,2204.18,3146.2,1935.01,3583.86,BULLISH,BEARISH,BULLISH,2499.83,2525.13,2751.82,80.8,17.5,51.6,2462.7,2738.18,2682.99,2277.15,16.4,0.232,-0.141,69.0,45,2461.82,2412.98,BUY,v3-ML,Tube Investments of India Limited,Industrials,Conglomerates,510622433280.0,47.875000000000014,42.12500000000001,70.87500000000001,929.0,False
ABBOTINDIA.NS,26480.0,26496.28,26192.02,27678.53,0.1,-1.1,4.5,25597.42,27310.32,24725.41,28273.49,23541.15,29695.82,SIDEWAYS,BEARISH,BULLISH,26774.53,27473.36,29218.69,30.0,16.7,19.4,26290.0,26470.0,27684.2,25916.3,6.6,0.74,-0.149,19.0,74,26927.04,27506.0,SELL,v3-ML,Abbott India Limited,Healthcare,Drug Manufacturers - Specialty & Generic,561725308928.0,56.10000000000001,59.41666666666667,42.83333333333334,502.0,False
VOLTAS.NS,1579.8,1523.67,1562.71,1521.54,-3.6,-1.1,-3.7,1459.76,1635.64,1373.55,1738.3,1260.11,1894.79,SIDEWAYS,BULLISH,FADING_BULL,1493.65,1445.77,1390.89,68.5,35.1,34.1,1512.7,1546.9,1629.04,1336.58,19.7,0.403,0.181,86.0,71,1473.67,1436.86,BUY,v3-ML,Voltas Limited,Consumer Cyclical,"Furnishings, Fixtures & Appliances",511713247232.0,51.62500000000001,45.41666666666667,76.45833333333334,729.0,False
AJANTPHARM.NS,2992.1,3022.85,2951.73,2917.09,1.0,-1.3,-2.5,2937.05,3127.34,2840.02,3234.18,2708.09,3391.74,SIDEWAYS,BULLISH,BULLISH,2912.88,2812.08,2660.82,78.0,33.5,18.8,2939.4,3030.7,3050.94,2763.9,9.9,0.656,0.194,85.3,85,2893.07,2865.74,BUY,v3-ML,Ajanta Pharma Limited,Healthcare,Drug Manufacturers - Specialty & Generic,379252015104.0,65.60833333333335,63.41666666666667,74.375,105.0,False
IOB.NS,36.73,36.63,36.23,36.69,-0.3,-1.4,-0.1,35.29,38.06,33.9,39.63,32.01,41.96,SIDEWAYS,BEARISH,FADING_BULL,35.85,35.96,37.36,70.3,9.0,22.6,34.83,38.16,37.02,34.19,8.0,0.037,-0.033,65.0,47,35.81,37.14,SELL,v3-ML,Indian Overseas Bank,Financial Services,Banks - Regional,706722725888.0,60.34166666666667,59.583333333333336,63.375,299.0,False
FLUOROCHEM.NS,3475.0,3459.98,3422.1,3391.17,-0.4,-1.5,-2.4,3266.77,3686.08,3062.35,3932.14,2794.56,4308.94,SIDEWAYS,BEARISH,FADING_BULL,3409.76,3414.26,3519.46,53.3,10.0,36.2,3397.8,3678.1,3655.96,3115.39,16.0,0.11,-0.093,65.0,61,3328.02,3162.02,BUY,v3-ML,Gujarat Fluorochemicals Limited,Basic Materials,Specialty Chemicals,381476077568.0,46.31666666666667,41.208333333333336,66.75000000000001,991.0,False
CONCOR.NS,499.9,490.42,491.66,475.7,-1.9,-1.6,-4.8,480.86,520.43,460.93,542.92,434.13,576.44,SIDEWAYS,BEARISH,BEARISH,505.43,508.08,525.92,44.0,6.2,23.7,476.55,506.55,523.36,492.8,6.0,0.0,-0.002,19.0,49,509.25,481.63,BUY,v3-ML,Container Corporation of India Limited,Industrials,Railroads,381113597952.0,49.125000000000014,51.33333333333334,40.29166666666667,860.0,False
POWERINDIA.NS,25740.0,25239.74,25327.19,25032.18,-1.9,-1.6,-2.7,23146.86,27570.42,21079.03,30275.04,18462.86,34564.99,SIDEWAYS,BULLISH,FADING_BULL,22524.21,20768.64,19319.97,80.5,54.2,52.5,22851.0,25262.0,26455.45,18140.45,37.3,0.301,0.301,99.6,56,21785.37,23096.6,BUY,v3-ML,Hitachi Energy India Limited,Industrials,Electrical Equipment & Parts,1127221690368.0,63.68333333333334,60.79166666666667,75.25,175.0,False
APARINDS.NS,11250.0,10991.81,11058.82,11215.01,-2.3,-1.7,-0.3,9511.58,11739.53,8498.57,13138.86,7245.85,15410.41,BULLISH,BULLISH,FADING_BULL,9734.85,9078.33,8517.01,74.8,58.3,63.1,9511.0,10825.0,11207.88,8249.87,30.4,0.153,0.21,100.0,52,9767.41,9509.75,BUY,v3-ML,Apar Industries Limited,Industrials,Electrical Equipment & Parts,422344818688.0,57.88333333333334,52.79166666666667,78.25,411.0,False
IGL.NS,171.55,168.86,168.67,170.33,-1.6,-1.7,-0.7,163.82,177.7,156.84,185.61,147.47,197.41,SIDEWAYS,BEARISH,BULLISH,170.73,176.84,190.42,45.8,23.8,24.4,169.72,192.33,175.43,164.52,6.4,0.718,-0.239,19.0,79,168.87,178.6,SELL,v3-ML,Indraprastha Gas Limited,Utilities,Utilities - Regulated Gas,238486700032.0,54.81666666666668,58.33333333333334,40.75000000000001,560.0,False
INDUSTOWER.NS,455.5,455.66,447.3,449.48,0.0,-1.8,-1.3,440.49,480.06,420.67,502.68,394.12,536.55,SIDEWAYS,BULLISH,BEARISH,459.59,441.34,405.31,61.5,30.1,25.8,402.0,477.75,488.82,431.51,12.5,0.786,0.25,83.6,84,456.4,440.33,BUY,v3-ML,Indus Towers Limited,Communication Services,Telecom Services,1213881647104.0,60.275000000000006,58.16666666666667,68.70833333333334,300.0,False
IRB.NS,41.76,42.35,40.78,40.46,1.4,-2.3,-3.1,39.88,43.94,37.86,46.29,35.17,49.82,SIDEWAYS,BEARISH,FADING_BEAR,41.75,41.91,43.29,42.4,17.1,29.1,40.84,44.39,44.99,39.45,13.1,0.0,-0.002,45.0,46,42.38,43.15,SELL,v3-ML,IRB Infrastructure Developers Limited,Industrials,Infrastructure Operations,252852928512.0,49.85000000000001,48.79166666666667,54.08333333333334,825.0,False
IDBI.NS,117.18,112.11,114.39,115.58,-4.3,-2.4,-1.4,106.13,122.9,98.12,132.94,87.79,148.58,SIDEWAYS,BULLISH,FADING_BULL,109.78,105.72,98.62,66.9,43.6,44.0,110.84,114.73,118.82,99.34,17.9,0.506,0.215,90.3,70,108.68,103.76,BUY,v3-ML,IDBI Bank Limited,Financial Services,Banks - Regional,1230624391168.0,59.95,53.90625,84.125,319.0,False
GLAXO.NS,2575.0,2622.23,2511.18,2411.0,1.8,-2.5,-6.4,2499.93,2779.47,2362.09,2941.68,2179.79,3187.7,BEARISH,BULLISH,FADING_BULL,2566.48,2525.22,2649.67,65.6,33.8,31.8,2594.4,2699.3,2750.76,2367.83,15.0,0.01,0.023,85.4,57,2555.44,2459.84,BUY,v3-ML,GlaxoSmithKline Pharmaceuticals Limited,Healthcare,Drug Manufacturers - General,447079481344.0,63.408333333333346,61.29166666666667,71.87500000000001,185.0,False
UBL.NS,1609.0,1579.11,1566.38,1487.75,-1.9,-2.6,-7.5,1517.98,1665.23,1444.6,1749.81,1346.72,1876.98,SIDEWAYS,BEARISH,FADING_BULL,1578.93,1584.27,1720.79,62.8,24.0,27.8,1423.6,1614.6,1687.63,1456.59,14.7,0.173,-0.109,65.0,68,1554.72,1502.04,BUY,v3-ML,United Breweries Limited,Consumer Defensive,Beverages - Brewers,420139794432.0,53.89166666666667,51.29166666666667,64.29166666666667,600.0,False
IPCALAB.NS,1532.0,1514.78,1489.44,1473.33,-1.1,-2.8,-3.8,1479.76,1602.7,1417.89,1672.63,1334.68,1776.9,BEARISH,BULLISH,BULLISH,1480.7,1460.59,1418.12,73.2,12.4,23.9,1449.8,1575.0,1539.19,1393.31,9.9,0.125,0.053,81.0,53,1460.36,1387.25,BUY,v3-ML,IPCA Laboratories Limited,Healthcare,Drug Manufacturers - Specialty & Generic,392428126208.0,55.23333333333334,50.54166666666667,74.00000000000001,542.0,False
NTPCGREEN.NS,90.31,91.35,87.71,85.84,1.2,-2.9,-4.9,86.04,94.56,81.8,99.47,76.14,106.85,SIDEWAYS,BEARISH,FADING_BULL,89.77,91.0,96.41,74.6,7.2,28.3,89.9,97.11,91.96,85.48,7.3,0.173,-0.062,45.0,54,88.25,93.97,SELL,v3-ML,NTPC Green Energy Limited,Utilities,Utilities - Renewable,759802101760.0,49.22500000000001,50.25000000000001,45.12500000000001,856.0,False
COLPAL.NS,2268.0,2275.72,2198.86,2152.56,0.3,-3.0,-5.1,2187.84,2360.23,2100.83,2457.98,1983.5,2603.37,BEARISH,BULLISH,BULLISH,2181.52,2157.3,2213.66,70.2,17.1,22.8,2118.6,2272.4,2266.26,2066.82,9.2,0.23,0.058,81.0,60,2159.97,2146.97,BUY,v3-ML,Colgate Palmolive (India) Limited,Consumer Defensive,Household & Personal Products,616673050624.0,59.29166666666668,56.33333333333334,71.12500000000001,343.0,False
LTTS.NS,3492.4,3486.14,3388.63,3450.02,-0.2,-3.0,-1.2,3075.92,3568.57,2840.87,3863.82,2538.42,4324.2,SIDEWAYS,BEARISH,FADING_BEAR,3571.45,3858.13,4139.05,24.6,61.1,44.6,3148.6,3857.2,4060.67,3149.46,25.3,0.91,-0.734,0.0,64,3490.62,3675.38,SELL,v3-ML,L&T Technology Services Limited,Technology,Information Technology Services,351991922688.0,48.26666666666668,51.750000000000014,34.33333333333334,905.0,False
ASTRAL.NS,1671.7,1688.94,1619.07,1618.96,1.0,-3.1,-3.2,1600.94,1777.26,1513.89,1879.46,1398.66,2034.3,BEARISH,BULLISH,FADING_BULL,1591.31,1523.18,1462.18,90.0,33.8,31.3,1621.0,1686.8,1732.21,1425.47,19.4,0.585,0.231,89.4,70,1575.6,1573.02,BUY,v3-ML,Astral Limited,Industrials,Building Products & Equipment,451224829952.0,53.875000000000014,48.750000000000014,74.375,601.0,False
FEDERALBNK.NS,301.15,303.92,291.12,323.59,0.9,-3.3,7.5,284.01,317.84,267.42,337.56,245.56,367.61,BEARISH,BULLISH,BULLISH,289.23,276.82,243.3,68.9,33.5,33.8,288.3,300.45,299.65,279.57,6.9,0.694,0.231,85.2,86,289.18,283.6,BUY,v3-ML,The Federal Bank  Limited,Financial Services,Banks - Regional,739934666752.0,64.06666666666668,61.145833333333336,75.75000000000001,162.0,False
3MINDIA.NS,37200.0,36400.16,35933.56,37914.26,-2.2,-3.4,1.9,34733.85,38904.35,32689.01,41337.97,29997.6,45046.86,SIDEWAYS,BULLISH,FADING_BEAR,36033.99,35332.74,33025.18,58.9,17.1,34.0,35875.0,37635.0,38020.78,34170.22,10.7,0.202,0.071,81.0,67,36250.65,33371.0,BUY,v3-ML,3M India Limited,Industrials,Conglomerates,414216617984.0,59.46666666666668,57.000000000000014,69.33333333333334,334.0,False
OFSS.NS,6955.0,6760.29,6706.5,7080.39,-2.8,-3.6,1.8,6393.54,7257.85,5974.13,7767.38,5426.85,8550.69,SIDEWAYS,BEARISH,FADING_BEAR,6980.23,7391.03,7976.69,37.4,46.8,38.0,6454.0,8219.0,7934.29,6154.26,25.3,0.636,-0.316,8.1,74,6968.18,7213.0,SELL,v3-ML,Oracle Financial Services Software Limited,Technology,Software - Infrastructure,592381607936.0,58.30000000000002,63.250000000000014,38.50000000000001,394.0,False
GUJGASLTD.NS,406.95,405.33,391.86,385.66,-0.4,-3.7,-5.2,396.21,424.27,381.97,440.09,362.67,463.5,BEARISH,BULLISH,FADING_BEAR,413.17,412.87,419.51,32.2,13.4,20.5,383.15,441.0,433.18,400.89,7.7,0.188,0.085,35.0,61,416.65,434.07,SELL,v3-ML,Gujarat Gas Limited,Utilities,Utilities - Regulated Gas,282239959040.0,47.70833333333335,49.70833333333334,39.70833333333334,936.0,False
DEEPAKNTR.NS,1584.8,1569.44,1523.68,1517.47,-1.0,-3.9,-4.2,1508.42,1660.43,1432.88,1747.97,1332.33,1879.88,BEARISH,BEARISH,BEARISH,1618.58,1628.8,1720.28,44.3,14.6,28.8,1522.7,1651.1,1699.34,1566.74,8.1,0.018,0.03,19.0,49,1643.05,1527.29,BUY,v3-ML,Deepak Nitrite Limited,Basic Materials,Chemicals,216319361024.0,40.875000000000014,41.54166666666667,38.20833333333334,1161.0,False
PAGEIND.NS,32140.0,32161.4,30885.82,29342.31,0.1,-3.9,-8.7,31262.82,33827.74,29971.18,35285.58,28232.86,37458.13,BEARISH,BEARISH,BEARISH,33429.77,34569.02,38779.61,18.1,9.5,23.7,32402.52,33160.0,35458.99,31809.81,10.8,0.741,-0.239,19.0,69,34064.86,31911.79,BUY,v3-ML,Page Industries Limited,Consumer Cyclical,Apparel Manufacturing,363123179520.0,46.81666666666669,50.500000000000014,32.08333333333334,972.0,False
UNIONBANK.NS,205.31,198.46,195.31,195.48,-3.3,-4.9,-4.8,189.64,209.56,179.77,221.06,166.67,238.44,SIDEWAYS,BULLISH,FADING_BULL,187.38,175.75,155.05,78.9,36.5,30.0,178.87,200.62,203.73,166.62,20.0,0.898,0.422,90.8,75,186.39,182.99,BUY,v3-ML,Union Bank of India,Financial Services,Banks - Regional,1523758661632.0,66.325,64.53125,73.50000000000001,89.0,False
PETRONET.NS,324.3,312.34,306.93,288.85,-3.7,-5.4,-10.9,302.28,329.09,288.84,344.4,270.83,367.31,SIDEWAYS,BULLISH,BULLISH,301.06,292.05,283.56,69.0,19.0,25.5,295.85,315.4,315.08,286.24,9.6,0.741,0.2,81.0,79,299.6,292.39,BUY,v3-ML,Petronet LNG Limited,Energy,Oil & Gas Refining & Marketing,471975034880.0,52.76666666666668,47.08333333333334,75.50000000000001,663.0,False
LINDEINDIA.NS,6769.5,6509.4,6380.85,6117.74,-3.8,-5.7,-9.6,6366.98,7082.05,6014.48,7497.12,5548.44,8126.84,BEARISH,BULLISH,FADING_BULL,6521.26,6280.6,6246.65,72.1,52.3,31.9,6636.5,6900.0,7172.35,5764.6,21.8,0.57,0.212,94.6,69,6610.04,6099.9,BUY,v3-ML,Linde India Limited,Basic Materials,Specialty Chemicals,574048108544.0,65.89166666666668,62.08333333333334,81.125,99.0,False
NIACL.NS,148.02,146.8,139.15,140.71,-0.8,-6.0,-4.9,143.66,156.77,137.1,164.27,128.32,175.5,BEARISH,BEARISH,BEARISH,150.79,154.08,167.92,50.6,22.3,26.2,142.68,151.8,157.2,144.91,8.1,0.39,-0.146,19.0,79,152.5,141.29,BUY,v3-ML,The New India Assurance Company Limited,Financial Services,Insurance - Diversified,248428855296.0,57.00000000000001,58.04166666666667,52.83333333333334,461.0,False
SONACOMS.NS,536.2,535.23,502.49,474.98,-0.2,-6.3,-11.4,504.43,570.72,472.18,609.7,430.0,669.5,BEARISH,BULLISH,BEARISH,522.74,503.76,482.1,64.3,30.8,37.0,529.45,542.0,550.83,503.9,8.9,0.363,0.183,83.9,70,529.46,504.89,BUY,v3-ML,Sona BLW Precision Forgings Limited,Consumer Cyclical,Auto Parts,334802386944.0,63.92500000000002,61.875000000000014,72.12500000000001,166.0,False
SAIL.NS,165.8,166.17,155.31,166.76,0.2,-6.3,0.6,156.17,174.02,147.38,184.39,135.78,200.15,BEARISH,BULLISH,BULLISH,158.21,151.71,138.78,57.2,10.8,32.5,158.38,164.93,166.33,150.56,10.0,0.868,0.382,81.0,75,157.45,149.69,BUY,v3-ML,Steel Authority of India Limited,Basic Materials,Steel,682486661120.0,48.01666666666668,42.208333333333336,71.25000000000001,916.0,False
SUNDARMFIN.NS,5566.0,5253.32,5205.44,5013.82,-5.6,-6.5,-9.9,5193.29,5677.5,4951.39,5954.88,4627.98,6371.01,BEARISH,BULLISH,BULLISH,5316.74,5187.66,4940.58,49.6,11.3,26.7,5321.0,5496.0,5543.96,5141.65,7.5,0.639,0.202,81.0,77,5324.5,4932.1,BUY,v3-ML,SUNDARMFIN,,,,,,,,False
OIL.NS,488.5,479.68,454.59,458.41,-1.8,-6.9,-6.2,439.41,511.42,405.13,554.69,361.12,622.3,BEARISH,BULLISH,FADING_BEAR,467.36,451.14,425.14,41.1,12.9,45.5,392.15,476.7,503.67,446.62,12.0,0.743,0.366,81.0,70,479.79,447.58,BUY,v3-ML,Oil India Limited,Energy,Oil & Gas Integrated,771691380736.0,58.30000000000001,58.500000000000014,57.50000000000001,395.0,False
JKCEMENT.NS,5656.0,5573.6,5259.92,6776.62,-1.5,-7.0,19.8,5350.1,5993.15,5034.83,6368.42,4619.91,6940.38,BEARISH,BEARISH,BEARISH,5722.93,5733.26,5891.31,47.8,14.9,34.1,5626.0,5784.0,5980.34,5475.36,8.8,0.142,0.053,19.0,54,5709.02,5382.85,BUY,v3-ML,JK Cement Limited,Basic Materials,Building Materials,437917810688.0,41.05833333333334,38.333333333333336,51.95833333333334,1159.0,False
APLAPOLLO.NS,2244.0,2201.37,2075.8,2151.21,-1.9,-7.5,-4.1,2132.22,2317.44,2039.26,2423.07,1914.52,2580.95,BEARISH,BULLISH,FADING_BEAR,2177.0,2059.2,1854.5,54.4,47.1,25.0,2217.4,2280.8,2316.83,2083.83,10.6,0.906,0.434,92.1,94,2197.45,2119.19,BUY,v3-ML,APL Apollo Tubes Limited,Basic Materials,Steel,618829578240.0,55.90000000000001,51.54166666666667,73.33333333333334,510.0,False
TORNTPOWER.NS,1576.2,1553.22,1457.05,1388.31,-1.5,-7.6,-11.9,1477.47,1656.44,1389.79,1760.95,1274.44,1920.32,BEARISH,BULLISH,FADING_BULL,1470.31,1397.7,1343.57,72.4,37.3,34.3,1331.31,1565.7,1602.36,1312.83,19.9,0.734,0.288,91.1,73,1449.9,1450.55,BUY,v3-ML,Torrent Power Limited,Utilities,Utilities - Independent Power Producers,788558708736.0,62.00833333333334,58.54166666666667,75.875,237.0,False
INDUSINDBK.NS,963.5,933.24,885.75,915.91,-3.1,-8.1,-4.9,921.47,990.17,886.69,1029.01,839.67,1086.63,BEARISH,BULLISH,BULLISH,926.76,903.4,846.35,73.1,17.4,21.6,922.7,955.2,953.2,898.28,5.9,0.719,0.191,81.0,72,925.8,884.41,BUY,v3-ML,IndusInd Bank Limited,Financial Services,Banks - Regional,748263636992.0,37.875000000000014,27.343750000000007,80.00000000000001,1225.0,False
GODFRYPHLP.NS,2131.7,2122.84,1916.99,1985.37,-0.4,-10.1,-6.9,1830.84,2393.16,1586.38,2761.94,1294.99,3383.42,BEARISH,BEARISH,FADING_BULL,2186.56,2309.63,2684.06,45.8,14.8,80.4,2014.6,2872.6,2487.31,1810.64,31.5,0.574,-0.679,19.0,58,2300.06,2573.49,SELL,v3-ML,Godfrey Phillips India Limited,Consumer Defensive,Tobacco,328310423552.0,62.56666666666668,65.37500000000001,51.33333333333334,219.0,True
DIXON.NS,10597.0,10294.57,8957.71,12137.31,-2.9,-15.5,14.5,9482.63,10832.25,8830.92,11631.66,7983.92,12865.63,BEARISH,BEARISH,BEARISH,11037.54,11713.71,13814.17,25.7,17.0,39.9,10135.0,11678.0,12282.89,10055.41,19.9,0.644,-0.495,15.0,64,11075.01,11392.9,SELL,v3-ML,Dixon Technologies (India) Limited,Technology,Consumer Electronics,626533007360.0,48.783333333333346,52.95833333333334,32.08333333333334,875.0,True
