symbol,cmp,target_7d,target_30d,target_90d,upside_7d_pct,upside_30d_pct,upside_90d_pct,target_7d_low,target_7d_high,target_30d_low,target_30d_high,target_90d_low,target_90d_high,direction,ema_trend,macd_trend,ema_20,ema_50,ema_200,rsi,adx,volatility_ann,support,resistance,bb_upper,bb_lower,bb_width_pct,r_squared,slope_pct_per_day,trend_strength,confidence,algo_version,name,sector,industry,market_cap,composite_score,fundamental_score,technical_score,composite_rank,in_portfolio
FORCEMOT.NS,25457.0,26539.74,30976.73,27794.59,4.3,21.7,9.2,23349.05,27962.79,21201.43,30795.32,18493.76,35304.05,BULLISH,BULLISH,FADING_BULL,23542.83,21554.5,18377.42,71.6,41.4,54.1,24139.0,25776.0,27660.11,18746.79,38.4,0.763,0.519,93.2,63,v3-ML,FORCE MOTORS LTD,Consumer Cyclical,Auto Manufacturers,334808809472.0,73.81666666666668,71.45833333333334,83.25000000000001,14.0,False
HBLENGINE.NS,700.15,762.02,839.11,904.21,8.8,19.8,29.1,651.39,765.62,597.44,834.76,528.59,943.48,BULLISH,BEARISH,FADING_BEAR,743.51,786.67,783.93,20.7,19.6,48.5,703.33,724.73,815.95,688.07,17.0,0.317,-0.34,15.0,44,v3-ML,HBL Engineering Limited,Industrials,Electrical Equipment & Parts,195547168768.0,69.80000000000001,78.79166666666667,33.833333333333336,40.0,True
ENGINERSIN.NS,224.65,222.45,267.05,235.68,-1.0,18.9,4.9,201.18,247.58,180.04,276.66,153.84,323.77,BULLISH,BULLISH,FADING_BULL,203.74,196.8,197.74,78.7,37.3,62.3,214.64,226.62,239.14,154.33,43.1,0.001,0.015,91.1,37,v3-ML,Engineers India Limited,Industrials,Engineering & Construction,125795090432.0,74.05833333333334,72.29166666666667,81.125,13.0,False
ATHERENERG.NS,700.3,713.06,826.65,880.44,1.8,18.0,25.7,647.4,756.55,595.61,822.33,529.29,925.38,BULLISH,BULLISH,BEARISH,699.86,682.63,607.12,48.0,21.9,46.7,601.35,754.75,769.55,635.82,19.0,0.028,0.057,55.0,55,v3-ML,ATHERENERG,,,,,,,,False
GMDCLTD.NS,576.8,604.48,680.77,708.08,4.8,18.0,22.8,521.36,628.77,471.63,695.07,409.22,801.08,BULLISH,BULLISH,FADING_BEAR,572.29,567.7,518.41,42.4,11.9,56.2,486.95,576.65,624.82,538.31,14.9,0.267,0.192,81.0,61,v3-ML,Gujarat Mineral Development Corporation Limited,Energy,Thermal Coal,182053617664.0,55.558333333333344,56.83333333333334,50.45833333333334,529.0,False
ECLERX.NS,3302.1,3458.12,3896.85,4213.09,4.7,18.0,27.6,3063.99,3612.37,2805.59,3945.07,2476.52,4469.28,BULLISH,BEARISH,FADING_BEAR,3794.08,4139.78,4134.84,6.6,42.2,49.4,3297.9,3646.4,4969.85,2885.79,53.1,0.566,-0.592,6.4,58,v3-ML,eClerx Services Limited,Technology,Information Technology Services,154160381952.0,60.55000000000001,66.91666666666667,35.08333333333334,287.0,False
DATAPATTNS.NS,3243.6,3468.15,3820.06,3611.72,6.9,17.8,11.3,2828.41,3525.55,2513.86,3966.69,2127.34,4687.41,BULLISH,BULLISH,BULLISH,2863.45,2746.08,2678.58,83.2,41.4,66.1,2768.8,3157.8,3192.86,2463.35,25.8,0.143,0.138,93.2,60,v3-ML,Data Patterns (India) Limited,Industrials,Aerospace & Defense,174362066944.0,74.73333333333335,75.04166666666669,73.50000000000001,12.0,False
MCX.NS,2458.9,2420.74,2883.33,2843.49,-1.6,17.3,15.6,2187.97,2647.3,1975.86,2931.49,1710.19,3386.88,BULLISH,BULLISH,FADING_BEAR,2389.86,2306.92,1964.41,52.1,8.4,57.2,2395.8,2470.7,2533.44,2271.37,10.9,0.682,0.332,81.0,68,v3-ML,Multi Commodity Exchange of India Limited,Financial Services,Financial Data & Stock Exchanges,612055515136.0,74.84166666666668,79.16666666666669,57.54166666666667,11.0,False
SAGILITY.NS,40.38,44.24,47.11,48.31,9.6,16.7,19.6,40.38,45.2,38.01,48.01,34.9,52.29,BULLISH,BEARISH,FADING_BEAR,46.27,48.31,47.45,22.3,28.5,33.8,42.4,50.07,51.83,41.66,21.7,0.372,-0.229,13.3,60,v3-ML,SAGILITY LIMITED,Healthcare,Health Information Services,200875819008.0,55.85000000000001,61.91666666666667,31.583333333333336,513.0,False
ELECON.NS,423.55,460.49,494.0,478.46,8.7,16.6,13.0,390.46,465.1,355.56,510.75,311.42,583.15,BULLISH,BEARISH,FADING_BEAR,430.33,444.42,505.11,43.7,15.6,52.5,368.45,426.35,474.96,398.3,17.6,0.296,-0.293,19.0,57,v3-ML,Elecon Engineering Company Limited,Industrials,Specialty Industrial Machinery,95773892608.0,57.60000000000001,58.54166666666667,53.83333333333334,428.0,False
BLUEJET.NS,398.1,420.84,463.44,423.03,5.7,16.4,6.3,363.6,452.9,323.28,509.39,273.71,601.63,BULLISH,BEARISH,BULLISH,406.11,453.81,593.32,48.6,18.8,65.9,355.85,409.4,460.89,343.7,29.1,0.89,-0.859,19.0,60,v3-ML,Blue Jet Healthcare Limited,Healthcare,Biotechnology,70643793920.0,57.82500000000001,59.83333333333334,49.79166666666667,415.0,False
JMFINANCIL.NS,132.78,138.8,154.42,169.25,4.5,16.3,27.5,124.07,146.87,113.36,160.75,99.75,182.67,BULLISH,BEARISH,FADING_BULL,134.85,137.72,145.56,63.5,7.2,50.6,122.05,150.1,145.42,121.53,17.9,0.364,-0.184,45.0,58,v3-ML,JM Financial Limited,Financial Services,Capital Markets,129128284160.0,53.366666666666674,52.62500000000001,56.33333333333334,627.0,False
TBOTEK.NS,1256.4,1312.56,1457.68,1561.4,4.5,16.0,24.3,1203.21,1368.51,1123.12,1466.1,1018.74,1616.31,BULLISH,BEARISH,BEARISH,1404.74,1479.48,1492.33,32.0,28.6,38.6,1283.2,1462.9,1589.7,1256.36,23.4,0.788,-0.486,13.2,82,v3-ML,TBO Tek Limited,Consumer Cyclical,Travel Services,136740413440.0,50.36666666666669,55.875000000000014,28.333333333333343,788.0,False
OLECTRA.NS,1009.4,1061.59,1156.15,1206.59,5.2,14.5,19.5,956.57,1096.18,889.32,1179.07,802.1,1307.29,BULLISH,BEARISH,BULLISH,1039.61,1104.26,1250.51,50.5,5.8,40.9,1022.3,1028.8,1083.3,994.57,8.5,0.758,-0.405,19.0,62,v3-ML,Olectra Greentech Limited,Industrials,Farm & Heavy Construction Machinery,83763388416.0,50.67500000000001,52.50000000000001,43.37500000000001,775.0,False
SYRMA.NS,833.5,840.26,953.49,1024.93,0.8,14.4,23.0,787.95,924.5,723.37,1007.04,640.86,1136.69,BULLISH,BULLISH,FADING_BEAR,829.01,796.12,746.31,44.6,29.8,47.9,826.95,890.4,914.16,779.86,15.9,0.344,0.269,83.4,75,v3-ML,Syrma SGS Technology Limited,Technology,Electronic Components,164557946880.0,61.67500000000001,57.66666666666667,77.70833333333334,250.0,False
SARDAEN.NS,518.9,528.26,591.92,537.64,1.8,14.1,3.6,503.68,553.6,478.84,582.32,445.74,625.56,BULLISH,BULLISH,BULLISH,510.89,506.64,509.01,49.0,7.5,28.4,510.6,536.25,536.71,486.51,9.8,0.036,0.039,81.0,58,v3-ML,Sarda Energy & Minerals Limited,Basic Materials,Steel,186180632576.0,52.07500000000001,47.87500000000001,68.87500000000001,699.0,False
KAJARIACER.NS,962.3,986.82,1096.07,1095.39,2.5,13.9,13.8,907.23,1020.28,851.98,1086.45,779.44,1187.57,BULLISH,BEARISH,FADING_BULL,961.31,983.11,1051.74,55.7,9.5,35.2,949.6,1098.3,1012.94,886.03,13.4,0.496,-0.22,45.0,70,v3-ML,Kajaria Ceramics Limited,Industrials,Building Products & Equipment,153211977728.0,50.11666666666668,48.125000000000014,58.08333333333334,806.0,False
TECHNOE.NS,1178.5,1232.53,1332.35,1293.84,4.6,13.1,9.8,1110.74,1281.35,1028.99,1383.15,923.4,1541.31,BULLISH,BULLISH,BULLISH,1101.54,1087.34,1198.35,72.8,32.2,42.9,1048.8,1193.0,1215.13,968.43,22.6,0.001,-0.009,88.6,47,v3-ML,Techno Electric & Engineering Company Limited,Industrials,Engineering & Construction,138629087232.0,69.51666666666668,68.08333333333334,75.25000000000001,42.0,False
CHOICEIN.NS,745.8,799.54,842.66,875.57,7.2,13.0,17.4,714.02,804.69,669.78,857.85,611.77,939.18,BULLISH,BEARISH,BEARISH,773.74,782.68,768.38,49.4,7.5,35.9,704.95,780.55,802.75,739.62,8.2,0.006,-0.019,19.0,46,v3-ML,Choice International Limited,Financial Services,Capital Markets,168478670848.0,58.883333333333354,62.16666666666668,45.75000000000001,366.0,False
CONCORDBIO.NS,1251.6,1287.38,1411.59,1312.78,2.9,12.8,4.9,1105.82,1388.22,979.11,1567.87,824.11,1862.76,BULLISH,BEARISH,BULLISH,1188.62,1255.7,1442.8,40.1,16.4,68.2,1230.7,1263.1,1319.65,1045.92,23.1,0.733,-0.363,45.0,62,v3-ML,Concord Biotech Limited,Healthcare,Biotechnology,127956082688.0,65.60000000000002,65.00000000000001,68.00000000000001,107.0,False
NEWGEN.NS,517.9,540.3,584.31,522.63,4.3,12.8,0.9,442.44,607.05,373.55,719.0,293.94,913.74,BULLISH,BEARISH,FADING_BULL,555.45,648.59,823.03,48.5,30.7,94.9,463.05,562.2,609.74,465.47,26.8,0.881,-1.479,12.2,80,v3-ML,Newgen Software Technologies Limited,Technology,Software - Infrastructure,72759304192.0,59.933333333333344,64.33333333333334,42.33333333333334,320.0,False
SONATSOFTW.NS,270.95,293.96,304.7,299.75,8.5,12.5,10.6,256.62,297.7,237.02,322.32,211.79,360.71,BULLISH,BEARISH,FADING_BEAR,292.85,315.23,348.23,35.2,22.0,44.5,270.15,287.75,331.38,259.02,24.5,0.778,-0.541,15.0,61,v3-ML,Sonata Software Limited,Technology,Information Technology Services,76987785216.0,44.8,47.41666666666667,34.33333333333334,1054.0,False
MSUMI.NS,42.91,44.42,48.25,48.09,3.5,12.4,12.1,41.22,45.48,39.11,47.94,36.3,51.64,BULLISH,BEARISH,FADING_BULL,43.61,44.55,44.18,53.4,7.3,29.5,42.87,52.05,45.01,41.93,7.1,0.285,-0.161,19.0,68,v3-ML,Motherson Sumi Wiring India Limited,Consumer Cyclical,Auto Parts,287217287168.0,52.33333333333334,51.16666666666667,57.00000000000001,691.0,False
ANANDRATHI.NS,3073.1,3246.53,3450.07,3760.33,5.6,12.3,22.4,2981.29,3155.59,2892.01,3253.01,2770.13,3396.13,BULLISH,BULLISH,FADING_BULL,3016.53,3007.37,2827.05,75.2,12.5,17.0,2943.6,3166.1,3098.07,2880.5,7.3,0.028,0.026,81.0,42,v3-ML,Anand Rathi Wealth Limited,Financial Services,Asset Management,254532599808.0,75.53333333333335,75.91666666666667,74.00000000000001,7.0,False
IIFL.NS,505.05,512.88,565.5,591.31,1.6,12.0,17.1,463.57,558.44,419.61,616.94,364.4,710.42,BULLISH,BEARISH,BULLISH,519.9,541.05,514.56,45.3,25.5,55.9,495.15,519.9,531.41,491.93,7.7,0.279,-0.299,18.7,65,v3-ML,IIFL,,,,,,,,False
WELSPUNLIV.NS,126.44,131.01,141.57,123.81,3.6,12.0,-2.1,112.41,143.19,98.75,162.99,82.21,195.8,BULLISH,BULLISH,BEARISH,134.51,132.89,130.51,33.7,22.9,72.6,113.0,139.34,151.1,123.3,20.3,0.001,0.01,31.0,35,v3-ML,Welspun Living Limited,Consumer Cyclical,Textile Manufacturing,121393045504.0,35.183333333333344,32.50000000000001,45.91666666666667,1274.0,False
ASAHIINDIA.NS,938.8,1014.4,1049.69,1113.57,8.1,11.8,18.6,890.49,991.0,840.96,1049.36,775.5,1137.94,BULLISH,BEARISH,FADING_BEAR,953.75,962.59,915.43,36.5,17.9,32.1,905.6,951.9,1005.3,919.27,8.9,0.454,-0.129,19.0,60,v3-ML,Asahi India Glass Limited,Consumer Cyclical,Auto Parts,239300165632.0,41.27500000000001,39.50000000000001,48.37500000000001,1153.0,False
ANANTRAJ.NS,535.9,585.83,596.76,595.47,9.3,11.4,11.1,502.81,588.56,462.18,640.3,410.2,721.44,BULLISH,BEARISH,BEARISH,544.96,550.6,563.28,48.2,10.7,47.2,489.65,556.15,576.29,520.4,10.2,0.005,0.018,19.0,42,v3-ML,Anant Raj Limited,Real Estate,Real Estate - Development,195736338432.0,65.07500000000002,68.41666666666667,51.70833333333334,126.0,True
CDSL.NS,1295.8,1311.53,1442.26,1388.54,1.2,11.3,7.2,1203.06,1392.02,1112.72,1505.05,996.27,1680.97,BULLISH,BEARISH,BEARISH,1343.36,1392.35,1476.33,43.3,22.4,43.8,1237.2,1334.3,1413.16,1267.72,10.8,0.821,-0.315,19.0,79,v3-ML,Central Depository Services (India) Limited,Financial Services,Capital Markets,271052111872.0,60.01666666666668,66.66666666666667,33.41666666666667,315.0,True
HINDCOPPER.NS,583.75,580.59,648.41,618.67,-0.5,11.1,6.0,503.86,683.86,427.88,805.29,339.47,1015.02,BULLISH,BULLISH,FADING_BEAR,579.03,539.17,406.41,52.2,14.5,91.6,578.92,758.83,652.04,532.31,20.2,0.688,0.778,81.0,61,v3-ML,Hindustan Copper Limited,Basic Materials,Copper,567765434368.0,66.92500000000001,68.33333333333334,61.29166666666667,75.0,False
INOXWIND.NS,94.46,99.49,104.96,92.58,5.3,11.1,-2.0,90.72,102.64,84.93,109.65,77.34,120.4,BULLISH,BEARISH,FADING_BEAR,102.2,111.2,133.38,28.0,28.1,37.0,95.03,109.25,115.26,91.4,23.1,0.867,-0.594,13.4,64,v3-ML,Inox Wind Limited,Industrials,Specialty Industrial Machinery,167146143744.0,54.033333333333346,58.58333333333334,35.83333333333334,591.0,False
NAVA.NS,601.05,614.8,667.65,674.24,2.3,11.1,12.2,564.33,633.67,530.4,674.21,485.81,736.1,BULLISH,BULLISH,BULLISH,568.54,566.55,572.35,65.5,6.8,34.8,561.45,611.2,590.95,544.18,8.2,0.047,0.037,85.0,50,v3-ML,NAVA LIMITED,Industrials,Conglomerates,169475309568.0,67.44166666666669,65.75000000000001,74.20833333333334,67.0,False
NUVAMA.NS,1280.9,1315.46,1420.13,1361.42,2.7,10.9,6.3,1194.52,1375.67,1107.6,1483.63,995.22,1651.16,BULLISH,BEARISH,FADING_BEAR,1315.43,1357.91,1352.66,34.6,30.7,42.4,1263.5,1317.2,1405.6,1234.04,13.0,0.617,-0.252,16.1,72,v3-ML,NUVAMA,,,,,,,,False
ABREL.NS,1291.3,1315.69,1427.62,1299.42,1.9,10.6,0.6,1180.19,1396.29,1078.65,1527.74,949.61,1735.32,BULLISH,BEARISH,FADING_BEAR,1345.27,1445.8,1686.51,40.0,13.9,50.4,1195.4,1305.8,1485.28,1177.22,23.1,0.77,-0.714,19.0,58,v3-ML,Aditya Birla Real Estate Limited,Real Estate,Real Estate Services,142289633280.0,24.300000000000004,21.083333333333336,37.16666666666667,1349.0,False
AFFLE.NS,1329.6,1380.98,1469.84,1496.79,3.9,10.5,12.6,1290.87,1446.35,1214.65,1537.11,1114.35,1675.46,BULLISH,BEARISH,BEARISH,1532.07,1619.55,1744.51,15.1,36.9,34.1,1366.4,1509.6,1753.99,1365.95,24.9,0.384,-0.28,9.0,73,v3-ML,Affle 3i Limited,Communication Services,Advertising Agencies,192200982528.0,54.73333333333335,61.33333333333334,28.333333333333343,562.0,False
CUB.NS,290.6,303.42,321.01,336.03,4.4,10.5,15.6,273.34,309.27,255.85,330.41,232.99,362.82,BULLISH,BULLISH,BULLISH,286.66,281.64,250.13,48.4,15.6,37.1,285.45,301.75,301.08,275.73,8.8,0.206,0.09,81.0,67,v3-ML,City Union Bank Limited,Financial Services,Banks - Regional,216598265856.0,61.708333333333336,61.25,63.54166666666667,247.0,False
FSL.NS,219.65,229.68,242.71,247.4,4.6,10.5,12.6,207.52,237.49,193.06,255.27,174.3,282.75,BULLISH,BEARISH,FADING_BEAR,259.26,288.79,322.68,18.3,43.4,40.5,218.65,254.4,323.52,207.11,43.9,0.814,-0.811,5.8,64,v3-ML,Firstsource Solutions Limited,Technology,Information Technology Services,152823152640.0,42.55,44.833333333333336,33.41666666666667,1128.0,False
NSLNISP.NS,40.34,40.37,44.49,41.72,0.1,10.3,3.4,37.87,41.85,35.9,44.15,33.28,47.62,BULLISH,BEARISH,FADING_BEAR,40.31,41.21,41.31,35.9,10.4,30.0,38.66,42.49,43.31,38.03,13.0,0.048,-0.054,19.0,49,v3-ML,NMDC Steel Limited,Basic Materials,Steel,116752416768.0,42.94166666666668,44.50000000000001,36.70833333333334,1113.0,False
ELGIEQUIP.NS,541.25,545.73,595.73,538.51,0.8,10.1,-0.5,503.59,593.07,461.39,647.31,407.61,732.71,BULLISH,BULLISH,FADING_BULL,510.84,489.22,488.07,73.2,24.3,49.1,501.7,549.35,572.4,440.56,26.0,0.094,0.112,85.0,45,v3-ML,Elgi Equipments Limited,Industrials,Specialty Industrial Machinery,172216877056.0,61.15833333333335,56.166666666666686,81.125,264.0,False
INDIACEM.NS,425.0,440.0,467.39,497.14,3.5,10.0,17.0,403.62,450.57,380.55,477.89,350.11,519.44,BULLISH,BEARISH,FADING_BEAR,437.41,438.46,404.89,32.9,9.0,33.0,375.7,426.95,474.41,411.05,14.3,0.109,0.092,19.0,48,v3-ML,The India Cements Limited,Basic Materials,Building Materials,198117031936.0,31.466666666666676,28.250000000000004,44.33333333333334,1324.0,False
LAURUSLABS.NS,1092.75,1113.44,1200.57,1257.84,1.9,9.9,15.1,1038.24,1165.33,976.03,1239.6,894.26,1352.96,BULLISH,BULLISH,BULLISH,1026.3,1020.17,936.52,80.6,12.0,34.6,1017.05,1128.5,1083.52,927.42,15.5,0.057,-0.058,85.0,40,v3-ML,Laurus Labs Limited,Healthcare,Drug Manufacturers - Specialty & Generic,592923525120.0,56.89166666666667,51.75000000000001,77.45833333333334,464.0,False
KAYNES.NS,3916.4,4063.09,4298.72,3330.01,3.7,9.8,-15.0,3675.39,4312.02,3374.28,4696.82,2989.59,5301.19,BULLISH,BEARISH,BULLISH,3862.28,4061.29,5077.07,61.2,5.0,47.9,3942.5,5307.0,4237.0,3455.9,20.3,0.24,-0.243,45.0,47,v3-ML,Kaynes Technology India Limited,Technology,Electronic Components,265994420224.0,58.08333333333334,55.91666666666667,66.75000000000001,403.0,False
STARHEALTH.NS,474.05,489.05,520.43,495.73,3.2,9.8,4.6,454.3,498.73,432.17,524.27,402.67,562.68,BULLISH,BULLISH,FADING_BEAR,463.86,461.79,455.5,58.6,13.6,28.0,467.85,480.6,483.43,452.15,6.7,0.009,0.015,81.0,49,v3-ML,Star Health and Allied Insurance Company Limited,Financial Services,Insurance - Diversified,279902945280.0,50.17500000000002,44.875000000000014,71.37500000000001,799.0,False
RADICO.NS,2700.8,2813.82,2951.53,3461.72,4.2,9.3,28.2,2533.01,2871.6,2368.54,3071.01,2153.74,3377.29,BULLISH,BEARISH,FADING_BULL,2777.54,2891.24,2919.29,46.8,5.0,37.6,2697.0,2822.3,2855.14,2676.28,6.5,0.788,-0.41,19.0,75,v3-ML,Radico Khaitan Limited,Consumer Defensive,Beverages - Wineries & Distilleries,361258024960.0,52.058333333333344,54.79166666666667,41.12500000000001,700.0,False
NETWEB.NS,3697.6,3665.24,4037.64,4694.85,-0.9,9.2,27.0,3427.38,3998.62,3156.01,4342.44,2808.08,4880.49,BULLISH,BULLISH,BULLISH,3370.83,3291.28,3005.76,77.2,31.2,46.2,3108.9,3702.0,3730.79,2864.51,26.3,0.158,0.098,88.1,63,v3-ML,Netweb Technologies India Limited,Technology,Computer Hardware,209215307776.0,68.01666666666668,65.00000000000001,80.08333333333334,58.0,True
SIGNATURE.NS,950.2,1005.57,1037.65,959.34,5.8,9.2,1.0,872.55,1026.07,800.06,1119.03,707.6,1265.26,BULLISH,BEARISH,BEARISH,973.71,993.83,1068.17,57.1,16.0,48.6,931.1,1146.5,1103.86,824.39,29.0,0.423,-0.424,19.0,66,v3-ML,Signatureglobal (India) Limited,Real Estate,Real Estate - Development,132993368064.0,40.23333333333334,37.333333333333336,51.83333333333334,1187.0,False
CRAFTSMAN.NS,7754.5,7854.47,8454.54,8737.92,1.3,9.0,12.7,7343.06,8403.7,6831.62,9032.83,6167.73,10005.12,BULLISH,BULLISH,BEARISH,7826.57,7612.21,6935.83,50.8,16.5,40.5,7834.0,8119.0,8210.23,7454.57,9.6,0.635,0.219,81.0,66,v3-ML,Craftsman Automation Limited,Consumer Cyclical,Auto Parts,186049691648.0,52.48333333333334,48.583333333333336,68.08333333333334,682.0,False
RITES.NS,215.63,228.21,235.09,234.05,5.8,9.0,8.5,209.24,227.13,200.25,237.32,188.18,252.54,BULLISH,BEARISH,FADING_BEAR,221.11,225.78,237.61,42.6,10.8,24.6,215.98,219.42,228.03,214.9,5.9,0.208,-0.1,19.0,58,v3-ML,RITES,,,,,,,,False
SAMMAANCAP.NS,153.67,160.26,167.37,183.02,4.3,8.9,19.1,148.43,163.12,141.12,171.57,131.38,184.29,BULLISH,BULLISH,FADING_BULL,150.13,148.83,145.41,66.0,19.5,28.3,153.42,157.94,157.14,142.27,9.9,0.129,0.062,81.0,55,v3-ML,Sammaan Capital Limited,Financial Services,Mortgage Finance,127014600704.0,52.65000000000002,47.500000000000014,73.25000000000001,673.0,False
BRIGADE.NS,716.15,743.17,778.92,717.84,3.8,8.8,0.2,681.2,772.79,636.73,826.76,578.68,909.7,BULLISH,BEARISH,FADING_BEAR,757.52,801.28,900.73,38.6,21.8,37.8,714.35,748.35,817.32,703.1,15.0,0.758,-0.416,19.0,69,v3-ML,Brigade Enterprises Limited,Real Estate,Real Estate - Development,177831673856.0,48.16666666666668,50.87500000000001,37.33333333333334,912.0,False
ITI.NS,273.6,283.7,297.76,280.0,3.7,8.8,2.3,261.5,285.53,249.48,299.28,233.4,319.9,BULLISH,BEARISH,FADING_BEAR,283.99,292.76,301.78,29.2,11.5,26.4,270.8,285.8,300.66,270.61,10.5,0.633,-0.194,19.0,58,v3-ML,ITI Limited,Technology,Communication Equipment,264054259712.0,32.94166666666668,32.00000000000001,36.70833333333334,1307.0,False
NUVOCO.NS,331.8,334.46,360.68,391.11,0.8,8.7,17.9,321.72,346.96,308.98,361.27,291.79,382.55,BULLISH,BEARISH,FADING_BEAR,340.95,349.62,370.94,41.3,6.8,22.7,332.15,334.85,356.52,328.1,8.3,0.281,-0.079,19.0,60,v3-ML,Nuvoco Vistas Corporation Limited,Basic Materials,Building Materials,119448059904.0,35.275000000000006,34.16666666666667,39.70833333333334,1270.0,False
CEATLTD.NS,3702.9,3741.68,4016.02,4050.52,1.0,8.5,9.4,3521.65,3948.13,3312.7,4197.17,3037.83,4576.93,BULLISH,BULLISH,BEARISH,3823.91,3823.33,3694.76,33.2,17.4,34.3,3545.1,3738.8,4076.69,3656.15,10.9,0.0,0.002,35.0,38,v3-ML,CEAT Limited,Consumer Cyclical,Auto Parts,150558588928.0,53.47500000000001,54.66666666666667,48.70833333333334,616.0,False
MAPMYINDIA.NS,1048.2,1117.59,1136.33,1062.69,6.6,8.4,1.4,999.59,1150.08,927.32,1239.71,833.83,1378.71,BULLISH,BEARISH,FADING_BEAR,1197.51,1359.05,1590.09,24.1,30.4,42.1,1046.8,1162.4,1382.23,1022.71,29.9,0.859,-1.105,12.3,64,v3-ML,C.E. Info Systems Limited,Technology,Software - Infrastructure,58683514880.0,56.250000000000014,60.375000000000014,39.75000000000001,494.0,False
CANFINHOME.NS,887.0,913.67,961.63,997.0,3.0,8.4,12.4,852.45,938.73,809.58,988.44,752.54,1063.35,BULLISH,BEARISH,FADING_BEAR,901.89,902.33,848.36,41.2,20.7,28.9,891.55,904.6,949.79,867.09,9.1,0.025,-0.02,19.0,51,v3-ML,CANFINHOME,,,,,,,,False
RBLBANK.NS,326.85,338.21,354.42,369.0,3.5,8.4,12.9,311.52,349.25,293.04,371.29,268.72,404.89,BULLISH,BULLISH,FADING_BULL,318.11,311.47,288.3,73.0,23.7,34.3,320.9,332.55,337.77,292.0,14.5,0.204,0.081,81.0,52,v3-ML,RBL Bank Limited,Financial Services,Banks - Regional,203825217536.0,66.92500000000001,63.28125,81.50000000000001,75.0,False
CESC.NS,159.78,163.86,173.09,164.4,2.6,8.3,2.9,151.78,169.32,143.16,179.52,131.78,195.02,BULLISH,BEARISH,BULLISH,154.97,157.36,161.45,62.5,7.1,32.8,151.67,175.87,161.49,145.96,10.1,0.518,-0.251,65.0,58,v3-ML,CESC Limited,Utilities,Utilities - Regulated Electric,212648001536.0,49.33333333333335,45.16666666666668,66.00000000000001,853.0,False
ERIS.NS,1361.1,1396.05,1472.98,1593.89,2.6,8.2,17.1,1300.78,1473.4,1216.87,1574.99,1107.23,1730.95,BULLISH,BEARISH,BULLISH,1394.4,1446.11,1543.61,43.6,12.8,37.4,1328.4,1384.6,1505.0,1296.95,14.8,0.731,-0.312,19.0,65,v3-ML,Eris Lifesciences Limited,Healthcare,Drug Manufacturers - Specialty & Generic,188415197184.0,51.21666666666667,50.29166666666667,54.91666666666667,744.0,False
ASTERDM.NS,649.45,660.33,702.1,717.43,1.7,8.1,10.5,609.83,686.85,572.23,731.99,522.92,801.02,BULLISH,BULLISH,FADING_BULL,612.73,607.29,610.79,85.6,28.7,35.7,599.9,655.45,676.24,520.46,26.0,0.05,-0.061,86.9,52,v3-ML,Aster DM Healthcare Limited,Healthcare,Medical Care Facilities,335907880960.0,50.125000000000014,42.75000000000001,79.625,805.0,False
LTFOODS.NS,407.85,413.93,440.84,421.47,1.5,8.1,3.3,374.77,449.2,340.15,494.92,296.52,567.74,BULLISH,BULLISH,BEARISH,407.41,398.52,407.63,55.0,37.6,54.3,336.35,421.0,447.35,374.77,17.7,0.052,0.077,87.3,63,v3-ML,LT Foods Limited,Consumer Defensive,Packaged Foods,142742142976.0,56.65000000000001,53.41666666666667,69.58333333333334,476.0,False
NBCC.NS,94.06,96.53,101.71,98.86,2.6,8.1,5.1,89.47,100.47,84.09,106.9,77.02,116.71,BULLISH,BEARISH,FADING_BEAR,98.1,102.78,107.16,39.7,24.8,34.8,94.42,99.4,104.13,92.61,11.7,0.572,-0.399,19.0,64,v3-ML,NBCC (India) Limited,Industrials,Engineering & Construction,256553992192.0,49.71666666666668,52.375000000000014,39.08333333333334,831.0,False
POONAWALLA.NS,464.2,491.36,501.78,511.43,5.9,8.1,10.2,428.32,508.41,390.79,557.24,343.19,634.53,BULLISH,BULLISH,FADING_BULL,461.13,458.16,453.78,61.4,16.7,51.4,460.7,473.0,516.38,392.02,27.4,0.004,-0.018,81.0,34,v3-ML,POONAWALLA,,,,,,,,False
ZENSARTECH.NS,554.15,564.5,599.17,622.64,1.9,8.1,12.4,524.22,598.33,488.4,642.2,441.84,709.89,BULLISH,BEARISH,FADING_BEAR,596.9,648.46,719.83,29.9,46.6,39.7,537.4,570.05,685.4,516.88,28.0,0.811,-0.562,4.2,68,v3-ML,Zensar Technologies Limited,Technology,Information Technology Services,126923522048.0,57.26666666666669,62.666666666666686,35.66666666666667,450.0,False
IKS.NS,1417.6,1508.07,1528.08,1556.8,6.4,7.8,9.8,1338.33,1528.8,1246.36,1641.62,1126.82,1815.76,BULLISH,BEARISH,BEARISH,1588.52,1623.69,1610.42,24.3,19.4,39.9,1430.4,1658.4,1801.0,1428.94,23.0,0.12,-0.097,15.0,54,v3-ML,Inventurus Knowledge Solutions Limited,Healthcare,Health Information Services,239525314560.0,59.06666666666669,66.75000000000001,28.333333333333343,353.0,False
JYOTICNC.NS,838.35,856.65,901.32,821.31,2.2,7.5,-2.0,776.66,925.68,707.03,1016.84,618.98,1161.49,BULLISH,BEARISH,FADING_BULL,847.09,875.5,940.89,55.5,11.1,52.7,837.25,856.0,880.15,791.15,10.6,0.608,-0.346,45.0,66,v3-ML,Jyoti CNC Automation Limited,Industrials,Specialty Industrial Machinery,192218005504.0,65.60000000000001,67.91666666666667,56.33333333333334,108.0,False
LATENTVIEW.NS,333.65,363.87,358.78,398.2,9.1,7.5,19.3,309.96,371.96,281.15,410.09,244.86,470.85,BULLISH,BEARISH,FADING_BEAR,384.83,413.46,428.34,8.1,25.1,54.7,339.55,394.35,471.91,322.89,37.5,0.775,-0.622,15.0,59,v3-ML,Latent View Analytics Limited,Industrials,Consulting Services,70602801152.0,55.06666666666669,61.750000000000014,28.333333333333343,550.0,False
CGCL.NS,167.87,172.87,180.3,187.56,3.0,7.4,11.7,160.2,177.63,151.58,187.73,140.17,203.01,BULLISH,BEARISH,BEARISH,173.34,177.04,180.83,43.7,11.6,31.0,166.96,178.52,180.3,166.41,8.0,0.501,-0.143,19.0,71,v3-ML,CGCL,,,,,,,,False
JBMA.NS,560.7,564.6,601.21,553.44,0.7,7.2,-1.3,528.98,593.37,497.45,630.98,455.99,688.35,BULLISH,BEARISH,FADING_BEAR,575.17,587.23,618.03,39.5,11.6,34.5,529.0,597.85,611.69,545.81,11.4,0.04,-0.064,19.0,46,v3-ML,JBM Auto Limited,Consumer Cyclical,Auto Parts,132430422016.0,39.275000000000006,39.16666666666667,39.70833333333334,1198.0,False
JUBLPHARMA.NS,882.7,917.55,944.94,911.94,3.9,7.1,3.3,844.59,959.15,789.01,1026.71,716.51,1130.6,BULLISH,BEARISH,BULLISH,920.58,973.93,1041.58,39.6,40.8,38.2,867.5,901.0,999.56,848.81,16.3,0.822,-0.415,11.1,78,v3-ML,Jubilant Pharmova Limited,Healthcare,Drug Manufacturers - Specialty & Generic,142622916608.0,45.55000000000001,46.25000000000001,42.75000000000001,1021.0,False
RRKABEL.NS,1519.2,1541.44,1626.84,1645.21,1.5,7.1,8.3,1450.84,1632.51,1362.09,1738.89,1245.61,1901.5,BULLISH,BULLISH,BULLISH,1451.61,1434.46,1358.06,65.0,11.3,35.4,1416.0,1541.2,1529.28,1352.52,12.3,0.002,0.01,85.0,41,v3-ML,R R Kabel Limited,Industrials,Electrical Equipment & Parts,174186938368.0,62.20000000000001,58.16666666666667,78.33333333333334,232.0,False
BAYERCROP.NS,4667.6,4817.25,4996.09,4466.82,3.2,7.0,-4.3,4597.82,4902.88,4442.45,5074.35,4231.38,5327.47,BULLISH,BULLISH,BEARISH,4676.81,4604.01,4807.76,65.1,44.7,19.3,4711.3,4832.9,4957.43,4371.76,12.6,0.412,0.116,90.8,77,v3-ML,Bayer Cropscience Limited,Basic Materials,Agricultural Inputs,214051094528.0,54.89166666666668,52.250000000000014,65.45833333333334,556.0,False
TRITURBINE.NS,495.9,506.56,530.23,500.86,2.1,6.9,1.0,455.95,526.59,422.13,568.78,378.48,634.38,BULLISH,BEARISH,BULLISH,493.07,502.85,526.69,40.2,6.9,43.2,487.4,490.95,523.41,469.67,10.8,0.556,-0.213,19.0,60,v3-ML,Triveni Turbine Limited,Industrials,Specialty Industrial Machinery,155845804032.0,58.57500000000002,60.625000000000014,50.37500000000001,379.0,False
GODIGIT.NS,343.5,337.69,366.96,359.45,-1.7,6.8,4.6,330.05,352.41,318.68,364.99,303.24,383.58,BULLISH,BEARISH,FADING_BULL,331.45,333.74,340.25,90.4,22.8,19.7,332.55,349.85,345.19,308.67,11.2,0.442,-0.117,65.0,72,v3-ML,Go Digit General Insurance Limited,Financial Services,Insurance - Property & Casualty,315043282944.0,55.73333333333335,51.66666666666667,72.00000000000001,520.0,False
AEGISVOPAK.NS,234.38,239.21,250.13,231.82,2.1,6.7,-1.1,214.09,259.82,193.02,288.18,166.68,333.72,BULLISH,BEARISH,BULLISH,223.23,229.43,,62.9,11.2,58.1,217.81,269.6,238.67,205.85,14.8,0.575,-0.324,69.0,52,v3-ML,Aegis Vopak Terminals Limited,Energy,Oil & Gas Equipment & Services,260976328704.0,63.30000000000002,62.04166666666668,68.33333333333334,191.0,False
BSOFT.NS,383.75,388.38,409.45,383.22,1.2,6.7,-0.1,351.89,422.21,319.2,465.45,278.04,534.36,BULLISH,BEARISH,FADING_BEAR,400.32,409.77,401.41,35.1,23.3,54.7,366.35,385.95,481.45,343.96,33.3,0.262,-0.177,19.0,56,v3-ML,BIRLASOFT LIMITED,Technology,Information Technology Services,107077443584.0,50.95000000000001,53.91666666666667,39.08333333333334,759.0,False
KIRLOSENG.NS,1396.3,1444.61,1487.87,1446.64,3.5,6.6,3.6,1336.96,1509.47,1252.9,1610.75,1142.82,1765.9,BULLISH,BULLISH,FADING_BULL,1333.65,1246.52,1074.14,88.4,41.6,36.4,1392.8,1425.39,1526.74,1104.5,32.1,0.326,0.243,93.3,63,v3-ML,KIRLOSENG,,,,,,,,False
REDINGTON.NS,244.55,256.76,260.78,259.6,5.0,6.6,6.2,229.08,257.77,215.06,274.57,196.67,300.24,BULLISH,BEARISH,FADING_BEAR,256.6,264.22,268.31,22.9,19.3,35.4,239.95,265.0,285.57,237.22,18.5,0.449,-0.167,15.0,54,v3-ML,Redington Limited,Technology,Information Technology Services,190049353728.0,48.45,51.16666666666667,37.58333333333334,896.0,False
MINDACORP.NS,572.45,584.17,609.19,608.31,2.0,6.4,6.3,544.72,611.41,512.07,650.38,469.16,709.87,BULLISH,BULLISH,BEARISH,579.52,577.48,560.4,45.8,21.4,34.6,573.65,604.64,602.81,563.11,6.8,0.041,-0.036,35.0,55,v3-ML,Minda Corporation Limited,Consumer Cyclical,Auto Parts,135862083584.0,48.47500000000001,46.41666666666667,56.708333333333336,893.0,False
TTML.NS,41.89,42.67,44.58,41.88,1.9,6.4,-0.0,39.44,44.6,36.92,47.64,33.64,52.29,BULLISH,BEARISH,BEARISH,43.53,45.72,52.28,38.2,10.0,36.9,41.94,44.96,46.29,41.29,11.4,0.775,-0.382,19.0,69,v3-ML,TTML,,,,,,,,False
TRIDENT.NS,25.62,26.24,27.23,26.07,2.4,6.3,1.8,23.82,27.9,21.88,30.37,19.41,34.24,BULLISH,BEARISH,FADING_BEAR,26.39,26.68,27.7,32.6,13.0,47.5,24.52,26.57,29.01,24.64,16.3,0.11,-0.072,19.0,44,v3-ML,Trident Limited,Consumer Cyclical,Textile Manufacturing,131608363008.0,35.216666666666676,33.958333333333336,40.25000000000001,1272.0,False
JKTYRE.NS,530.65,542.85,563.21,580.5,2.3,6.1,9.4,505.77,565.07,476.64,599.6,438.24,652.15,BULLISH,BULLISH,BEARISH,545.2,521.86,446.06,47.7,27.7,33.3,532.55,604.9,601.09,505.04,17.4,0.751,0.345,56.3,78,v3-ML,JK Tyre & Industries Limited,Consumer Cyclical,Auto Parts,154631716864.0,53.00000000000001,50.66666666666667,62.33333333333334,647.0,False
DBREALTY.NS,111.72,115.56,118.5,106.23,3.4,6.1,-4.9,102.0,128.32,90.22,145.09,75.81,172.66,BULLISH,BEARISH,BEARISH,117.12,119.02,143.12,46.8,27.1,68.9,97.85,131.57,134.43,103.86,25.7,0.012,-0.045,18.0,59,v3-ML,Valor Estate Limited,Real Estate,Real Estate - Development,62235754496.0,54.933333333333344,54.33333333333334,57.33333333333334,555.0,False
CYIENT.NS,921.9,972.17,977.26,963.96,5.5,6.0,4.6,885.6,995.62,831.81,1060.0,761.19,1158.35,BULLISH,BEARISH,FADING_BEAR,1022.23,1079.06,1146.58,22.9,38.0,35.1,931.8,1019.8,1181.24,897.18,27.3,0.543,-0.309,8.5,66,v3-ML,Cyient Limited,Industrials,Conglomerates,103579918336.0,46.11666666666668,49.250000000000014,33.58333333333334,1001.0,False
SWANCORP.NS,373.45,391.52,395.18,410.17,4.8,5.8,9.8,351.01,398.5,327.96,426.5,297.9,469.54,BULLISH,BEARISH,BEARISH,403.44,421.41,440.4,26.9,14.1,38.1,373.7,413.1,442.36,374.24,16.7,0.697,-0.36,15.0,61,v3-ML,SWAN CORP LIMITED,Industrials,Conglomerates,117201534976.0,44.33333333333334,46.83333333333334,34.33333333333334,1071.0,False
AKZOINDIA.NS,3028.5,3173.25,3195.32,3113.7,4.8,5.5,2.8,2949.07,3191.94,2826.79,3330.01,2662.26,3535.81,BULLISH,BEARISH,FADING_BULL,3027.26,3075.03,3223.31,66.8,15.9,23.7,2950.9,3633.9,3179.42,2784.29,13.3,0.559,-0.309,45.0,71,v3-ML,Akzo Nobel India Limited,Basic Materials,Specialty Chemicals,140068339712.0,57.30000000000002,56.250000000000014,61.50000000000001,447.0,False
FIVESTAR.NS,423.6,424.32,445.69,406.72,0.2,5.2,-4.0,398.43,460.94,368.54,498.33,330.01,556.51,BULLISH,BEARISH,BULLISH,447.81,485.08,561.4,32.3,35.5,43.7,426.15,445.55,459.41,422.95,8.3,0.932,-0.707,13.7,70,v3-ML,FIVESTAR,,,,,,,,False
TITAGARH.NS,712.7,720.96,749.7,693.38,1.2,5.2,-2.7,682.74,746.69,650.8,783.33,608.11,838.32,BULLISH,BEARISH,BEARISH,760.71,790.09,831.53,23.3,25.0,26.9,714.0,795.3,823.35,711.75,14.5,0.172,-0.147,15.0,62,v3-ML,TITAGARH RAIL SYSTEMS LIMITED,Industrials,Railroads,96695762944.0,44.71666666666668,48.250000000000014,30.583333333333343,1060.0,True
CHENNPETRO.NS,916.45,951.7,962.95,990.91,3.8,5.1,8.1,868.52,974.43,816.65,1036.31,748.47,1130.72,BULLISH,BULLISH,BULLISH,892.73,879.82,820.77,54.2,12.7,34.5,883.65,945.8,939.95,849.78,10.1,0.001,-0.007,81.0,46,v3-ML,Chennai Petroleum Corporation Limited,Energy,Oil & Gas Refining & Marketing,137159376896.0,59.058333333333344,54.66666666666667,76.62500000000001,355.0,False
JUBLINGREA.NS,593.4,621.8,623.51,636.91,4.8,5.1,7.3,549.28,641.06,505.7,696.31,449.83,782.8,BULLISH,BEARISH,BEARISH,626.35,651.49,683.05,44.5,13.2,46.4,593.3,663.84,679.56,579.17,16.0,0.548,-0.279,15.0,68,v3-ML,Jubilant Ingrevia Limited,Basic Materials,Specialty Chemicals,93679984640.0,35.425000000000004,35.91666666666667,33.45833333333334,1268.0,False
VENTIVE.NS,703.7,709.15,739.56,717.25,0.8,5.1,1.9,681.79,730.65,657.0,758.22,623.44,799.04,BULLISH,BEARISH,FADING_BEAR,732.96,738.78,737.9,14.9,31.7,20.8,695.75,713.8,801.45,688.41,15.2,0.117,0.068,15.6,61,v3-ML,Ventive Hospitality Limited,Consumer Cyclical,Lodging,164833673216.0,58.666666666666686,65.25000000000001,32.333333333333336,375.0,False
MANAPPURAM.NS,293.05,298.12,307.63,316.06,1.7,5.0,7.9,277.85,307.71,263.08,324.99,243.49,351.13,BULLISH,BULLISH,BEARISH,301.39,298.42,282.92,42.5,7.6,30.6,271.29,296.4,317.42,282.83,11.5,0.193,0.105,35.0,55,v3-ML,MANAPPURAM,,,,,,,,False
FIRSTCRY.NS,220.45,222.95,231.2,254.64,1.1,4.9,15.5,200.47,238.8,182.55,262.24,159.89,299.42,BULLISH,BEARISH,FADING_BEAR,240.78,265.24,313.94,27.0,26.0,52.5,210.5,219.35,303.65,193.48,44.3,0.659,-0.519,14.5,56,v3-ML,FIRSTCRY,,,,,,,,False
NEULANDLAB.NS,13204.0,14325.38,13852.12,15633.54,8.5,4.9,18.4,12410.94,14584.72,11384.08,15900.28,10073.61,17968.74,SIDEWAYS,BEARISH,BULLISH,13395.51,13997.46,14408.82,54.3,7.4,48.4,13030.0,13651.0,13896.48,12713.02,8.9,0.845,-0.501,45.0,59,v3-ML,Neuland Laboratories Limited,Healthcare,Drug Manufacturers - Specialty & Generic,173493157888.0,54.18333333333335,52.54166666666668,60.75000000000001,581.0,False
AFCONS.NS,297.1,302.78,310.81,317.47,1.9,4.6,6.9,289.21,309.43,278.93,320.83,265.01,337.69,BULLISH,BEARISH,BEARISH,325.97,349.2,394.3,22.7,44.2,20.3,299.15,343.8,354.47,301.38,16.2,0.932,-0.545,5.4,79,v3-ML,Afcons Infrastructure Limited,Industrials,Engineering & Construction,110243446784.0,34.66666666666667,35.91666666666667,29.66666666666667,1284.0,False
KFINTECH.NS,977.0,999.17,1018.64,993.56,2.3,4.3,1.7,948.15,1054.68,895.64,1116.52,826.22,1210.33,SIDEWAYS,BEARISH,FADING_BULL,1010.56,1030.27,1075.17,57.0,9.0,31.9,967.7,1022.5,1042.64,968.35,7.4,0.513,-0.144,19.0,71,v3-ML,Kfin Technologies Limited,Technology,Software - Application,172359680000.0,65.90833333333335,71.54166666666667,43.37500000000001,98.0,False
RAMCOCEM.NS,1140.2,1156.39,1188.8,1152.14,1.4,4.3,1.0,1097.6,1196.74,1047.97,1253.42,981.5,1338.31,BULLISH,BULLISH,FADING_BEAR,1136.0,1106.47,1062.29,46.6,27.4,25.9,1144.7,1204.9,1188.81,1105.76,7.2,0.802,0.219,82.2,93,v3-ML,The Ramco Cements Limited,Basic Materials,Building Materials,270602027008.0,43.81666666666668,39.41666666666667,61.41666666666667,1085.0,False
POLYMED.NS,1258.7,1314.41,1309.7,1228.28,4.4,4.1,-2.4,1167.56,1402.17,1058.59,1546.51,921.45,1776.67,SIDEWAYS,BEARISH,BULLISH,1372.55,1533.16,1822.02,37.9,42.1,54.9,1255.8,1321.9,1585.52,1165.32,30.6,0.94,-0.916,6.5,70,v3-ML,Poly Medicure Limited,Healthcare,Medical Instruments & Supplies,129974943744.0,56.40000000000001,60.375000000000014,40.50000000000001,487.0,False
CERA.NS,4944.2,5093.99,5135.26,4711.21,3.0,3.9,-4.7,4765.43,5160.44,4566.63,5385.09,4299.22,5720.04,BULLISH,BEARISH,BEARISH,5086.27,5191.63,5653.69,36.2,12.8,23.9,4873.0,5184.1,5314.31,4913.8,7.8,0.477,-0.109,19.0,68,v3-ML,Cera Sanitaryware Limited,Industrials,Building Products & Equipment,63922479104.0,48.46666666666668,51.250000000000014,37.33333333333334,895.0,False
PVRINOX.NS,1032.35,1054.35,1072.85,1127.56,2.1,3.9,9.2,974.29,1095.88,914.87,1167.06,836.88,1275.83,BULLISH,BEARISH,BEARISH,1029.59,1031.43,1046.77,55.5,6.2,35.3,1032.5,1129.7,1102.0,959.71,13.8,0.138,-0.093,65.0,61,v3-ML,PVRINOX,,,,,,,,False
GRAVITA.NS,1627.4,1644.31,1689.01,1628.04,1.0,3.8,0.0,1551.83,1749.92,1455.2,1866.11,1328.58,2043.97,SIDEWAYS,BEARISH,FADING_BEAR,1630.81,1664.02,1712.59,50.8,14.7,36.0,1643.0,1701.0,1712.38,1569.84,8.7,0.541,-0.291,45.0,64,v3-ML,Gravita India Limited,Industrials,Metal Fabrication,119452532736.0,52.850000000000016,52.20833333333334,55.41666666666667,654.0,True
KEC.NS,595.2,609.66,617.62,615.32,2.4,3.8,3.4,558.32,641.68,518.25,691.29,466.38,768.17,BULLISH,BEARISH,BULLISH,611.58,652.57,738.92,40.2,27.6,41.8,582.65,606.9,649.01,569.68,13.0,0.718,-0.419,17.7,73,v3-ML,KEC International Limited,Industrials,Engineering & Construction,158908088320.0,41.616666666666674,41.75000000000001,41.08333333333334,1145.0,False
ARE&M.NS,853.7,870.24,884.11,867.42,1.9,3.6,1.6,811.98,908.63,764.56,964.99,702.11,1050.83,SIDEWAYS,BEARISH,BULLISH,860.07,880.97,934.44,48.2,13.9,33.7,816.4,950.6,909.44,810.6,11.5,0.68,-0.214,19.0,67,v3-ML,Amara Raja Energy & Mobility Limited,Industrials,Electrical Equipment & Parts,156860825600.0,54.10000000000001,53.16666666666667,57.83333333333334,585.0,True
CENTURYPLY.NS,763.45,758.61,791.15,801.43,-0.6,3.6,5.0,715.69,789.32,679.15,831.78,630.58,895.84,BULLISH,BEARISH,FADING_BEAR,767.14,777.71,773.57,20.8,6.9,29.4,725.95,754.75,828.18,728.77,12.8,0.412,-0.165,19.0,52,v3-ML,Century Plyboards (India) Limited,Basic Materials,Lumber & Wood Production,166907461632.0,38.775000000000006,38.54166666666667,39.70833333333334,1207.0,False
GRANULES.NS,591.0,617.44,611.78,624.79,4.5,3.5,5.7,562.67,635.44,527.22,678.17,480.8,743.65,SIDEWAYS,BULLISH,FADING_BULL,583.9,578.87,549.91,70.4,13.7,36.5,563.7,619.2,607.2,549.97,9.9,0.001,0.005,81.0,28,v3-ML,Granules India Limited,Healthcare,Drug Manufacturers - Specialty & Generic,145382834176.0,62.86666666666668,60.83333333333334,71.00000000000001,207.0,False
INTELLECT.NS,700.7,717.18,725.31,721.84,2.4,3.5,3.0,652.62,749.96,605.83,807.88,545.25,897.64,BULLISH,BEARISH,BULLISH,745.93,840.04,949.04,31.8,39.7,41.7,678.9,702.5,864.54,619.03,33.1,0.928,-0.993,7.7,70,v3-ML,Intellect Design Arena Limited,Technology,Software - Application,96320151552.0,47.30000000000001,50.54166666666668,34.33333333333334,948.0,False
USHAMART.NS,425.65,427.92,439.73,512.9,0.5,3.3,20.5,400.78,449.63,376.86,478.17,345.4,521.71,BULLISH,BEARISH,BULLISH,416.92,424.13,412.42,53.7,13.1,34.5,408.9,463.0,435.5,395.39,9.7,0.447,-0.16,65.0,61,v3-ML,Usha Martin Limited,Basic Materials,Steel,129880776704.0,59.10833333333335,56.91666666666668,67.87500000000001,350.0,False
PCBL.NS,300.5,300.33,310.01,302.2,-0.1,3.2,0.6,272.75,340.95,242.05,384.19,204.4,454.97,SIDEWAYS,BEARISH,FADING_BULL,300.19,300.3,334.78,63.7,31.9,66.9,304.15,310.5,330.98,265.99,21.8,0.069,-0.086,68.5,64,v3-ML,PCBL Chemical Limited,Basic Materials,Specialty Chemicals,120065105920.0,40.741666666666674,34.25000000000001,66.70833333333334,1169.0,False
NH.NS,1851.4,1916.11,1909.52,1900.86,3.5,3.1,2.7,1783.37,1958.11,1696.37,2058.54,1580.37,2209.64,SIDEWAYS,BEARISH,BULLISH,1829.65,1835.37,1835.26,69.6,6.1,28.0,1821.0,1955.2,1909.78,1708.5,11.1,0.303,-0.107,65.0,56,v3-ML,Narayana Hrudayalaya Ltd.,Healthcare,Medical Care Facilities,380121645056.0,52.40000000000001,49.00000000000001,66.00000000000001,686.0,False
VIJAYA.NS,985.25,984.17,1015.67,1011.48,-0.1,3.1,2.7,956.71,1037.53,916.08,1083.54,861.49,1152.21,SIDEWAYS,BEARISH,FADING_BULL,997.5,999.72,1008.18,58.7,7.3,24.3,988.05,1013.05,1035.02,952.31,8.3,0.114,-0.056,19.0,64,v3-ML,Vijaya Diagnostic Centre Limited,Healthcare,Diagnostics & Research,102654926848.0,60.50833333333335,62.500000000000014,52.54166666666667,289.0,False
HOMEFIRST.NS,1177.0,1214.73,1211.86,1151.87,3.2,3.0,-2.1,1081.31,1294.7,981.96,1425.68,856.69,1634.16,SIDEWAYS,BULLISH,FADING_BULL,1174.56,1156.41,1182.08,51.8,30.4,54.0,1169.1,1251.7,1222.08,1132.33,7.6,0.132,0.096,83.7,65,v3-ML,HOMEFIRST,,,,,,,,False
JPPOWER.NS,14.55,15.05,14.98,14.79,3.4,3.0,1.6,13.64,15.78,12.61,17.06,11.29,19.06,SIDEWAYS,BEARISH,BULLISH,15.03,15.89,17.21,36.1,14.9,43.8,14.39,14.98,15.78,14.25,10.2,0.912,-0.534,19.0,54,v3-ML,Jaiprakash Power Ventures Limited,Utilities,Utilities - Independent Power Producers,100255891456.0,48.866666666666674,51.37500000000001,38.83333333333334,869.0,False
SUNDRMFAST.NS,909.55,909.44,936.42,967.63,-0.0,3.0,6.4,864.89,956.62,819.48,1009.63,759.22,1089.77,SIDEWAYS,BEARISH,BEARISH,923.9,932.19,955.08,40.4,18.2,30.2,894.6,924.6,964.68,896.03,7.4,0.166,-0.036,19.0,62,v3-ML,Sundram Fasteners Limited,Consumer Cyclical,Auto Parts,191216812032.0,48.31666666666669,49.250000000000014,44.58333333333334,902.0,False
LEMONTREE.NS,116.74,118.92,120.1,138.18,1.9,2.9,18.4,109.64,124.23,102.55,132.82,93.29,146.01,SIDEWAYS,BEARISH,FADING_BEAR,124.33,135.25,147.93,35.5,32.8,37.5,113.67,132.2,138.16,112.13,20.8,0.9,-0.784,11.1,74,v3-ML,Lemon Tree Hotels Limited,Consumer Cyclical,Lodging,91759296512.0,50.83333333333335,54.58333333333334,35.83333333333334,763.0,False
BEML.NS,1709.0,1721.44,1757.52,1696.41,0.7,2.8,-0.7,1579.26,1867.62,1443.71,2042.98,1271.42,2319.83,SIDEWAYS,BEARISH,FADING_BEAR,1729.72,1768.6,1881.09,65.4,25.9,50.3,1615.08,1761.87,1805.46,1657.69,8.5,0.017,-0.029,18.5,49,v3-ML,BEML Limited,Industrials,Conglomerates,142250377216.0,44.50000000000001,47.16666666666667,33.833333333333336,1066.0,False
ABSLAMC.NS,912.85,910.53,937.8,923.7,-0.3,2.7,1.2,878.56,966.33,834.91,1016.85,776.78,1092.94,SIDEWAYS,BULLISH,FADING_BULL,873.36,834.58,797.49,82.8,39.8,28.6,809.75,927.15,963.2,757.99,23.8,0.645,0.277,92.4,74,v3-ML,Aditya Birla Sun Life AMC Limited,Financial Services,Asset Management,266356670464.0,70.35833333333335,67.66666666666667,81.125,36.0,False
RAILTEL.NS,312.6,327.78,321.15,330.37,4.9,2.7,5.7,299.33,337.2,280.84,359.4,256.6,393.35,SIDEWAYS,BEARISH,BEARISH,330.55,338.54,352.66,45.7,6.9,35.7,317.0,330.6,349.18,314.55,10.4,0.056,-0.07,19.0,59,v3-ML,Railtel Corporation Of India Limited,Communication Services,Telecom Services,102106546176.0,53.24166666666668,56.95833333333334,38.37500000000001,633.0,False
SBFC.NS,96.93,98.34,99.57,99.51,1.5,2.7,2.7,89.03,105.77,81.19,115.98,71.26,132.15,SIDEWAYS,BEARISH,FADING_BULL,96.33,98.76,103.66,60.3,7.5,51.7,95.48,107.94,102.5,86.74,16.7,0.496,-0.243,45.0,61,v3-ML,SBFC,,,,,,,,False
BBTC.NS,1725.0,1752.91,1769.53,1754.4,1.6,2.6,1.7,1684.86,1836.82,1608.77,1923.69,1506.87,2053.78,SIDEWAYS,BEARISH,FADING_BULL,1772.52,1790.82,1839.03,49.6,9.0,25.9,1686.58,1778.5,1831.23,1705.21,7.1,0.434,-0.121,19.0,72,v3-ML,The Bombay Burmah Trading Corporation Limited,Consumer Defensive,Packaged Foods,122603184128.0,55.85833333333335,56.95833333333334,51.45833333333334,512.0,False
APTUS.NS,245.7,244.65,251.9,236.22,-0.4,2.5,-3.9,233.63,264.74,218.52,283.05,198.77,311.18,SIDEWAYS,BEARISH,FADING_BEAR,253.35,265.69,292.21,41.5,25.1,37.5,236.5,249.55,281.35,230.73,19.8,0.772,-0.301,19.0,78,v3-ML,APTUS,,,,,,,,False
MAHSCOOTER.NS,13570.0,13595.16,13910.67,14188.69,0.2,2.5,4.6,12959.49,14167.41,12356.01,14859.36,11549.2,15897.42,SIDEWAYS,BEARISH,FADING_BEAR,13549.65,13798.06,14340.87,49.6,9.1,26.7,13474.0,14554.0,14027.83,13096.77,6.9,0.458,-0.119,45.0,64,v3-ML,Maharashtra Scooters Limited,Financial Services,Asset Management,154896187392.0,55.68333333333334,56.30208333333333,53.20833333333334,522.0,False
DEEPAKFERT.NS,989.4,955.18,1013.61,952.18,-3.5,2.4,-3.8,919.84,1082.8,842.96,1181.56,744.95,1337.0,SIDEWAYS,BEARISH,BULLISH,1039.55,1125.48,1292.76,50.3,23.7,48.9,969.6,1034.4,1082.35,964.03,11.6,0.819,-0.533,19.0,67,v3-ML,Deepak Fertilizers and Petrochemicals Corporation Limited,Basic Materials,Chemicals,126175780864.0,42.38333333333334,43.833333333333336,36.58333333333334,1131.0,False
AGARWALEYE.NS,447.9,448.51,458.79,508.37,0.1,2.4,13.5,431.5,468.98,412.7,490.35,387.46,522.29,SIDEWAYS,BEARISH,FADING_BULL,454.34,468.08,467.83,49.7,25.1,25.0,422.15,455.55,464.52,437.22,6.1,0.703,-0.283,18.9,91,v3-ML,Dr. Agarwal's Health Care Limited,Healthcare,Medical Instruments & Supplies,142547550208.0,53.26666666666668,55.04166666666668,46.16666666666667,631.0,False
ZEEL.NS,87.4,91.88,89.51,80.5,5.1,2.4,-7.9,81.99,94.72,75.9,102.33,68.04,114.16,SIDEWAYS,BEARISH,BEARISH,90.1,91.03,101.46,46.5,24.6,43.3,88.04,99.74,98.93,81.11,19.8,0.13,-0.102,19.0,65,v3-ML,Zee Entertainment Enterprises Limited,Communication Services,Broadcasting,84737024000.0,51.96666666666668,52.375000000000014,50.33333333333334,708.0,False
CHALET.NS,824.85,866.7,843.71,873.46,5.1,2.3,5.9,793.35,874.74,752.96,921.66,699.25,992.46,SIDEWAYS,BEARISH,BEARISH,856.96,867.64,894.61,43.4,13.1,29.3,818.5,872.3,895.32,830.48,7.5,0.303,-0.079,19.0,69,v3-ML,Chalet Hotels Limited,Consumer Cyclical,Lodging,182290071552.0,58.51666666666668,63.75000000000001,37.58333333333334,385.0,False
AEGISLOG.NS,698.75,724.43,714.07,698.9,3.7,2.2,0.0,671.67,760.06,628.67,812.05,572.45,891.8,SIDEWAYS,BEARISH,BULLISH,704.34,714.09,741.55,58.2,17.8,37.1,687.05,723.5,732.04,677.44,7.7,0.415,-0.139,65.0,64,v3-ML,Aegis Logistics Limited,Energy,Oil & Gas Refining & Marketing,250403405824.0,56.80000000000001,57.29166666666667,54.83333333333334,466.0,False
BLS.NS,279.25,284.47,285.4,283.89,1.9,2.2,1.7,263.87,313.47,240.63,343.74,211.19,391.66,SIDEWAYS,BEARISH,BULLISH,282.46,291.11,321.79,48.3,7.8,51.7,269.3,330.38,305.52,253.4,18.6,0.637,-0.332,45.0,59,v3-ML,BLS International Services Limited,Industrials,Specialty Business Services,118505275392.0,68.75833333333335,72.04166666666669,55.62500000000001,51.0,False
DCMSHRIRAM.NS,1063.7,1082.48,1087.2,1117.45,1.8,2.2,5.1,1035.27,1113.97,995.47,1158.5,941.72,1224.64,SIDEWAYS,BEARISH,FADING_BEAR,1114.9,1152.29,1189.08,21.9,21.8,22.0,1063.4,1093.6,1199.19,1052.99,13.0,0.693,-0.256,19.0,67,v3-ML,DCM Shriram Limited,Industrials,Conglomerates,166291800064.0,40.35000000000001,41.79166666666667,34.583333333333336,1181.0,False
EMCURE.NS,1454.5,1475.68,1486.86,1635.11,1.5,2.2,12.4,1396.12,1534.55,1327.25,1614.18,1235.5,1734.05,SIDEWAYS,BULLISH,FADING_BEAR,1466.8,1462.7,1390.96,39.5,20.5,28.4,1364.5,1534.9,1544.18,1407.29,9.3,0.236,0.113,55.0,70,v3-ML,Emcure Pharmaceuticals Limited,Healthcare,Drug Manufacturers - Specialty & Generic,277534212096.0,54.02500000000001,53.54166666666668,55.958333333333336,593.0,False
CHOLAHLDNG.NS,1685.3,1698.7,1719.89,1720.88,0.8,2.1,2.1,1605.98,1791.91,1514.55,1900.08,1393.91,2064.53,SIDEWAYS,BEARISH,BULLISH,1708.86,1751.51,1832.21,56.1,10.5,32.9,1611.8,1721.9,1784.87,1627.08,9.2,0.632,-0.263,19.0,66,v3-ML,CHOLAHLDNG,,,,,,,,False
CCL.NS,1033.75,1039.0,1053.96,1097.49,0.5,2.0,6.2,986.61,1100.5,930.59,1166.75,856.65,1267.45,SIDEWAYS,BULLISH,FADING_BULL,1006.86,982.2,918.32,60.9,35.4,32.8,994.0,1061.75,1057.75,955.52,10.2,0.219,0.091,86.2,66,v3-ML,CCL Products (India) Limited,Consumer Defensive,Packaged Foods,139038769152.0,61.15833333333334,56.16666666666667,81.125,265.0,False
RAINBOW.NS,1207.8,1212.26,1230.9,1221.31,0.4,1.9,1.1,1152.03,1276.56,1090.46,1348.64,1008.86,1457.72,SIDEWAYS,BEARISH,FADING_BULL,1201.15,1234.58,1332.16,67.4,8.7,30.8,1197.0,1217.1,1256.37,1104.33,12.9,0.736,-0.317,45.0,68,v3-ML,Rainbow Childrens Medicare Limited,Healthcare,Medical Care Facilities,123621081088.0,55.43333333333334,54.91666666666667,57.50000000000001,534.0,False
SAREGAMA.NS,329.75,331.36,335.96,312.98,0.5,1.9,-5.1,311.81,355.63,290.63,381.55,263.07,421.52,SIDEWAYS,BEARISH,BEARISH,340.06,351.19,408.85,52.0,13.4,39.4,322.65,337.2,360.66,319.11,12.2,0.438,-0.175,19.0,69,v3-ML,Saregama India Limited,Communication Services,Entertainment,64135274496.0,55.33333333333335,57.166666666666686,48.00000000000001,538.0,False
KARURVYSYA.NS,336.25,341.04,342.24,365.35,1.4,1.8,8.7,317.2,361.87,295.6,388.31,267.51,429.08,SIDEWAYS,BULLISH,BULLISH,317.85,294.46,251.87,68.9,45.2,39.5,319.5,338.8,342.26,298.13,13.8,0.876,0.496,95.1,86,v3-ML,Karur Vysya Bank Limited,Financial Services,Banks - Regional,327297171456.0,70.44166666666668,68.48958333333334,78.25,34.0,False
MMTC.NS,61.33,61.8,62.41,58.16,0.8,1.8,-5.2,58.0,65.64,54.28,70.14,49.42,77.03,SIDEWAYS,BEARISH,FADING_BEAR,63.47,63.88,64.1,35.3,8.6,37.1,53.67,64.99,66.77,60.64,9.6,0.252,0.229,19.0,51,v3-ML,MMTC,,,,,,,,False
METROPOLIS.NS,1890.5,1897.01,1924.18,2202.72,0.3,1.8,16.5,1799.25,1983.86,1707.63,2090.3,1585.8,2250.88,SIDEWAYS,BEARISH,BEARISH,1916.98,1922.24,1920.19,33.9,10.8,29.3,1803.2,1906.9,2024.33,1840.17,9.5,0.0,0.003,19.0,44,v3-ML,Metropolis Healthcare Limited,Healthcare,Diagnostics & Research,97957191680.0,51.17500000000001,51.79166666666668,48.70833333333334,747.0,False
SOBHA.NS,1439.8,1472.57,1466.36,1442.1,2.3,1.8,0.2,1369.05,1572.18,1271.36,1692.98,1144.83,1880.09,SIDEWAYS,BEARISH,BEARISH,1486.23,1489.72,1493.49,39.8,23.5,41.5,1343.7,1514.0,1564.89,1427.99,9.1,0.001,0.005,19.0,45,v3-ML,Sobha Limited,Real Estate,Real Estate - Development,156924755968.0,35.783333333333346,31.958333333333343,51.08333333333334,1256.0,False
GRSE.NS,2469.5,2467.24,2510.51,2447.61,-0.1,1.7,-0.9,2275.59,2681.02,2084.45,2926.87,1840.91,3314.06,SIDEWAYS,BEARISH,FADING_BEAR,2458.21,2469.6,2499.19,56.9,22.8,49.2,2430.5,2505.2,2644.71,2329.16,12.7,0.07,0.058,65.0,56,v3-ML,Garden Reach Shipbuilders & Engineers Limited,Industrials,Aerospace & Defense,282600243200.0,62.94166666666668,65.83333333333334,51.37500000000001,202.0,True
TIMKEN.NS,3358.2,3359.24,3408.83,3331.61,0.0,1.5,-0.8,3141.83,3505.11,2963.16,3716.45,2727.39,4037.72,SIDEWAYS,BULLISH,BULLISH,3176.67,3116.62,3058.49,56.5,13.3,32.8,3181.1,3330.6,3381.1,2976.38,12.7,0.234,0.082,81.0,64,v3-ML,Timken India Limited,Industrials,Tools & Accessories,250433814528.0,55.750000000000014,51.000000000000014,74.75000000000001,517.0,False
ACMESOLAR.NS,234.92,241.8,238.14,260.02,2.9,1.4,10.7,217.34,250.64,201.38,270.51,180.76,301.37,SIDEWAYS,BEARISH,FADING_BULL,228.27,229.17,244.4,61.6,6.6,42.8,228.73,240.26,238.85,217.34,9.4,0.001,0.006,65.0,37,v3-ML,Acme Solar Holdings Limited,Utilities,Utilities - Renewable,141627719680.0,52.52500000000001,49.62500000000001,64.125,681.0,False
ASTRAZEN.NS,8849.0,8993.74,8971.41,8895.62,1.6,1.4,0.5,8696.59,9199.48,8438.88,9480.42,8086.95,9892.99,SIDEWAYS,BULLISH,BULLISH,8801.45,8774.12,8847.79,64.9,14.3,16.9,8886.0,9226.5,9100.76,8521.19,6.6,0.126,-0.072,81.0,54,v3-ML,AstraZeneca Pharma India Limited,Healthcare,Drug Manufacturers - Specialty & Generic,223200002048.0,63.46666666666668,61.125000000000014,72.83333333333334,183.0,False
DOMS.NS,2347.4,2362.49,2379.6,2444.86,0.6,1.4,4.2,2257.85,2480.59,2146.99,2608.67,1999.26,2801.44,SIDEWAYS,BEARISH,BULLISH,2383.44,2438.65,2500.95,42.5,18.0,28.2,2287.9,2474.3,2498.52,2281.99,9.1,0.662,-0.204,19.0,74,v3-ML,DOMS Industries Limited,Industrials,Business Equipment & Supplies,143151349760.0,57.83333333333334,58.66666666666667,54.50000000000001,414.0,False
GPIL.NS,272.23,282.99,275.93,297.78,4.0,1.4,9.4,257.04,292.89,239.7,314.08,217.12,346.74,SIDEWAYS,BULLISH,BULLISH,263.84,258.66,241.58,68.4,10.1,39.2,261.89,275.7,277.73,245.88,12.2,0.381,0.169,81.0,63,v3-ML,Godawari Power And Ispat limited,Basic Materials,Steel,177397710848.0,54.64166666666668,48.95833333333334,77.37500000000001,565.0,False
OLAELEC.NS,25.13,25.07,25.48,25.54,-0.2,1.4,1.6,24.08,27.8,22.3,30.02,20.0,33.47,SIDEWAYS,BEARISH,FADING_BEAR,29.04,33.04,41.24,14.6,33.9,43.1,25.14,32.15,34.51,24.29,34.8,0.452,-0.658,10.5,55,v3-ML,OLAELEC,,,,,,,,False
HSCL.NS,483.1,476.7,489.07,482.55,-1.3,1.2,-0.1,460.96,501.18,440.78,524.13,413.7,558.44,SIDEWAYS,BULLISH,FADING_BULL,471.64,467.66,465.31,67.1,18.6,25.1,455.2,494.0,493.25,440.82,11.2,0.009,-0.014,81.0,41,v3-ML,Himadri Speciality Chemical Limited,Basic Materials,Specialty Chemicals,242996953088.0,63.85000000000002,62.125000000000014,70.75000000000001,170.0,False
DEVYANI.NS,128.89,133.66,130.24,133.07,3.7,1.0,3.2,121.86,140.86,112.77,152.22,101.05,169.88,SIDEWAYS,BEARISH,FADING_BULL,130.42,132.63,147.84,51.7,10.4,43.5,129.48,132.19,142.16,116.73,19.6,0.139,-0.141,45.0,57,v3-ML,Devyani International Limited,Consumer Cyclical,Restaurants,161909653504.0,32.25000000000001,25.66666666666667,58.58333333333334,1319.0,False
PNBHOUSING.NS,847.7,879.23,856.59,849.74,3.7,1.0,0.2,802.49,910.41,750.1,973.99,681.71,1071.71,SIDEWAYS,BEARISH,BULLISH,855.89,879.33,905.63,51.9,20.0,37.9,836.05,1007.85,876.43,814.01,7.4,0.269,-0.202,19.0,65,v3-ML,PNBHOUSING,,,,,,,,False
RCF.NS,127.87,128.11,129.21,127.81,0.2,1.0,-0.0,122.69,135.23,116.46,142.47,108.18,153.37,SIDEWAYS,BEARISH,FADING_BEAR,131.75,134.97,140.99,43.6,19.7,29.2,126.54,135.03,138.15,126.88,8.5,0.395,-0.141,19.0,67,v3-ML,Rashtriya Chemicals and Fertilizers Limited,Basic Materials,Agricultural Inputs,71107084288.0,34.35000000000001,32.79166666666667,40.58333333333334,1290.0,False
CAMPUS.NS,260.65,263.01,263.06,267.81,0.9,0.9,2.7,249.08,277.49,235.1,293.99,216.62,319.06,SIDEWAYS,BULLISH,BEARISH,266.57,265.14,267.3,37.4,21.7,32.4,244.05,269.15,282.96,257.08,9.6,0.014,0.023,35.0,49,v3-ML,Campus Activewear Limited,Consumer Cyclical,Footwear & Accessories,80386293760.0,52.95000000000002,53.16666666666668,52.08333333333334,650.0,False
PRAJIND.NS,310.1,312.97,313.02,276.4,0.9,0.9,-10.9,272.21,342.18,240.85,386.74,202.52,459.94,SIDEWAYS,BEARISH,BEARISH,308.63,312.11,358.56,56.1,20.9,68.6,302.55,345.4,343.17,271.3,23.4,0.115,-0.116,19.0,62,v3-ML,Praj Industries Limited,Industrials,Engineering & Construction,55998656512.0,41.26666666666667,38.00000000000001,54.33333333333334,1154.0,False
ABLBL.NS,102.9,105.33,103.74,100.16,2.4,0.8,-2.7,99.31,113.12,92.63,121.28,83.93,133.85,SIDEWAYS,BEARISH,FADING_BEAR,109.35,114.74,,35.7,11.0,39.0,102.45,115.24,118.39,101.72,15.1,0.763,-0.413,19.0,61,v3-ML,Aditya Birla Lifestyle Brands Limited,Consumer Cyclical,Apparel Retail,128138674176.0,23.096296296296305,17.037037037037038,47.33333333333334,1350.0,False
GILLETTE.NS,8369.0,8562.69,8439.75,8257.41,2.3,0.8,-1.3,8017.33,8883.9,7588.89,9385.46,7021.05,10144.52,SIDEWAYS,BULLISH,BEARISH,8466.34,8366.29,8718.38,38.6,21.4,30.8,7682.02,8623.0,8838.3,8360.69,5.6,0.353,0.137,55.0,62,v3-ML,Gillette India Limited,Consumer Defensive,Household & Personal Products,275540574208.0,61.05000000000001,62.91666666666667,53.58333333333334,270.0,False
CAMS.NS,708.6,723.61,713.64,707.91,2.1,0.7,-0.1,678.23,744.2,645.37,782.1,601.53,839.09,SIDEWAYS,BEARISH,BEARISH,721.68,728.98,750.76,44.4,8.4,27.8,676.04,735.7,753.53,695.08,8.1,0.36,-0.105,19.0,70,v3-ML,Computer Age Management Services Limited,Technology,Information Technology Services,176248569856.0,58.491666666666674,62.66666666666667,41.79166666666667,389.0,False
GRAPHITE.NS,730.15,720.18,735.19,728.4,-1.4,0.7,-0.2,672.02,788.65,616.86,859.16,546.42,969.92,SIDEWAYS,BULLISH,BULLISH,673.15,640.38,584.47,76.9,14.4,48.0,683.65,728.0,733.04,591.85,21.3,0.749,0.367,85.0,59,v3-ML,Graphite India Limited,Industrials,Electrical Equipment & Parts,142331854848.0,50.39166666666668,44.000000000000014,75.95833333333334,786.0,False
NIVABUPA.NS,76.48,77.47,77.01,78.25,1.3,0.7,2.3,74.88,78.34,73.1,80.25,70.64,83.04,SIDEWAYS,BEARISH,FADING_BEAR,76.9,76.98,78.4,42.9,10.3,13.5,73.48,79.52,79.52,75.08,5.7,0.293,0.062,19.0,63,v3-ML,Niva Bupa Health Insurance Company Limited,Financial Services,Insurance - Life,141458472960.0,54.44166666666668,58.500000000000014,38.20833333333334,574.0,False
PPLPHARMA.NS,162.42,165.94,163.49,158.14,2.2,0.7,-2.6,155.8,170.33,148.54,178.65,138.83,191.14,SIDEWAYS,BEARISH,BULLISH,162.29,166.58,182.8,57.9,9.8,26.7,151.41,182.05,167.99,155.43,7.8,0.498,-0.201,45.0,65,v3-ML,Piramal Pharma Limited,Healthcare,Drug Manufacturers - Specialty & Generic,216669011968.0,28.54166666666667,21.500000000000004,56.70833333333334,1343.0,False
KPIL.NS,1196.4,1208.22,1203.37,1206.1,1.0,0.6,0.8,1144.37,1267.16,1083.62,1338.19,1003.08,1445.64,SIDEWAYS,BEARISH,BULLISH,1147.58,1151.03,1170.36,73.1,16.7,30.6,1106.4,1213.9,1210.73,1060.61,13.2,0.164,-0.071,65.0,47,v3-ML,Kalpataru Projects International Limited,Industrials,Engineering & Construction,205763837952.0,45.558333333333344,40.16666666666667,67.12500000000001,1020.0,False
SAPPHIRE.NS,207.78,207.82,209.09,222.24,0.0,0.6,7.0,197.47,233.22,180.65,254.93,159.25,289.18,SIDEWAYS,BEARISH,FADING_BULL,214.85,222.3,261.65,49.4,13.2,49.9,181.8,219.51,235.93,189.6,21.8,0.395,-0.337,19.0,61,v3-ML,Sapphire Foods India Limited,Consumer Cyclical,Restaurants,69123268608.0,32.35000000000001,25.16666666666667,61.08333333333334,1317.0,False
EMAMILTD.NS,474.85,475.55,477.06,470.41,0.1,0.5,-0.9,463.61,494.49,447.89,511.85,426.53,537.48,SIDEWAYS,BEARISH,FADING_BEAR,486.75,497.03,527.57,26.8,11.1,19.3,474.66,490.6,505.09,469.06,7.4,0.706,-0.175,19.0,63,v3-ML,Emami Limited,Consumer Defensive,Household & Personal Products,209430675456.0,55.10000000000001,57.04166666666667,47.333333333333336,547.0,False
PTCIL.NS,17949.0,18252.34,18030.56,19859.99,1.7,0.5,10.6,17393.91,19053.91,16565.88,20006.31,15460.3,21436.98,SIDEWAYS,BULLISH,FADING_BEAR,18034.76,17914.9,16728.09,60.0,8.6,27.3,16911.0,19176.0,18724.27,17370.03,7.5,0.034,-0.025,81.0,50,v3-ML,PTC Industries Limited,Industrials,Metal Fabrication,273014325248.0,59.27500000000001,58.500000000000014,62.37500000000001,344.0,False
HEG.NS,583.35,586.69,585.65,596.07,0.6,0.4,2.2,546.56,631.51,505.9,682.27,453.44,761.2,SIDEWAYS,BULLISH,BULLISH,554.37,552.42,532.38,66.5,23.2,43.3,534.2,637.5,580.7,510.33,12.9,0.002,0.012,85.0,45,v3-ML,HEG Limited,Industrials,Electrical Equipment & Parts,113470791680.0,60.000000000000014,56.50000000000001,74.00000000000001,317.0,False
HAPPSTMNDS.NS,362.4,368.14,363.68,364.14,1.6,0.4,0.5,347.76,386.78,328.53,409.42,303.1,443.77,SIDEWAYS,BEARISH,FADING_BEAR,385.88,417.24,493.06,39.3,17.1,31.9,359.65,393.05,419.05,354.52,16.7,0.963,-0.683,19.0,62,v3-ML,Happiest Minds Technologies Limited,Technology,Information Technology Services,54954541056.0,49.96666666666667,53.87500000000001,34.33333333333334,814.0,False
AKUMS.NS,482.25,487.16,483.83,433.91,1.0,0.3,-10.0,460.6,509.65,436.32,538.0,404.11,580.88,SIDEWAYS,BULLISH,FADING_BULL,468.77,455.92,466.3,66.0,36.9,30.4,474.45,489.95,501.13,432.53,14.7,0.587,0.188,86.9,76,v3-ML,Akums Drugs and Pharmaceuticals Limited,Healthcare,Drug Manufacturers - Specialty & Generic,74977722368.0,57.58333333333334,52.04166666666667,79.75000000000001,431.0,False
LALPATHLAB.NS,1405.9,1372.96,1410.81,1462.59,-2.3,0.3,4.0,1360.59,1458.1,1311.12,1513.12,1244.12,1594.59,SIDEWAYS,BEARISH,BEARISH,1415.48,1431.64,1473.56,41.5,8.2,20.8,1402.3,1414.17,1455.49,1381.86,5.2,0.16,-0.058,19.0,65,v3-ML,Dr. Lal Path Labs Ltd.,Healthcare,Diagnostics & Research,236100485120.0,55.92500000000001,57.91666666666667,47.95833333333334,509.0,False
AAVAS.NS,1291.3,1291.88,1292.21,1229.84,0.0,0.1,-4.8,1226.38,1356.93,1161.76,1432.4,1076.03,1546.51,SIDEWAYS,BEARISH,BULLISH,1327.14,1399.92,1569.15,46.9,36.3,30.3,1269.2,1305.6,1453.42,1208.54,18.4,0.745,-0.316,13.3,82,v3-ML,AAVAS,,,,,,,,False
APLLTD.NS,729.6,746.33,730.68,693.6,2.3,0.1,-4.9,717.32,765.05,693.02,791.88,660.01,831.48,SIDEWAYS,BEARISH,BEARISH,771.98,800.8,870.0,22.2,15.9,19.3,739.9,769.35,819.77,738.12,10.5,0.813,-0.317,19.0,74,v3-ML,Alembic Pharmaceuticals Limited,Healthcare,Drug Manufacturers - Specialty & Generic,146104680448.0,47.46666666666668,50.750000000000014,34.33333333333334,938.0,False
IGIL.NS,329.55,330.1,329.81,320.95,0.2,0.1,-2.6,307.25,358.63,282.85,389.57,251.58,438.0,SIDEWAYS,BULLISH,FADING_BULL,326.04,323.26,335.95,69.4,7.8,46.4,330.0,333.8,342.21,308.91,10.2,0.021,0.028,81.0,38,v3-ML,International Gemmological Institute (India) Limited,Basic Materials,Other Precious Metals & Mining,143066464256.0,66.17500000000001,67.00000000000001,62.87500000000001,93.0,False
JWL.NS,277.7,284.61,277.97,265.83,2.5,0.1,-4.3,265.96,297.11,250.65,315.25,230.47,342.85,SIDEWAYS,BEARISH,FADING_BEAR,295.14,302.23,319.61,34.2,11.9,33.2,252.7,312.1,321.83,273.96,16.1,0.044,0.113,19.0,46,v3-ML,Jupiter Wagons Limited,Industrials,Railroads,120048345088.0,45.85833333333334,48.58333333333334,34.95833333333334,1010.0,False
KIRLOSBROS.NS,1593.4,1596.29,1594.85,1444.96,0.2,0.1,-9.3,1505.75,1702.28,1410.08,1817.77,1284.91,1994.85,SIDEWAYS,BEARISH,FADING_BEAR,1595.35,1612.77,1742.76,49.5,18.4,36.8,1475.2,1616.2,1662.72,1535.01,8.0,0.055,-0.041,45.0,51,v3-ML,Kirloskar Brothers Limited,Industrials,Specialty Industrial Machinery,126831738880.0,54.21666666666668,53.375000000000014,57.58333333333334,577.0,False
NAVINFLUOR.NS,6484.5,6535.33,6476.03,7100.37,0.8,-0.1,9.5,6055.67,6915.88,5640.2,7425.32,5100.16,8211.57,SIDEWAYS,BULLISH,BEARISH,6340.35,6131.39,5533.09,51.4,38.8,39.8,6338.0,6587.0,6708.54,6014.91,10.9,0.589,0.179,87.9,81,v3-ML,Navin Fluorine International Limited,Basic Materials,Chemicals,331680382976.0,64.51666666666668,62.75000000000001,71.58333333333334,142.0,False
RHIM.NS,439.65,441.11,439.18,438.04,0.3,-0.1,-0.4,404.89,480.55,369.42,526.69,324.44,599.7,SIDEWAYS,BEARISH,BEARISH,449.91,450.16,458.54,51.8,15.4,51.4,436.65,445.35,481.23,420.17,13.5,0.0,-0.0,19.0,46,v3-ML,RHI MAGNESITA INDIA LIMITED,Industrials,Metal Fabrication,91469807616.0,48.85833333333334,48.04166666666667,52.12500000000001,870.0,False
AARTIIND.NS,455.7,468.51,454.38,413.03,2.8,-0.3,-9.4,416.56,498.08,378.56,548.07,330.61,627.56,SIDEWAYS,BULLISH,BEARISH,438.73,411.68,399.91,57.9,44.3,53.6,446.7,470.4,499.45,391.88,24.1,0.543,0.395,90.6,73,v3-ML,Aarti Industries Limited,Basic Materials,Specialty Chemicals,165611700224.0,51.058333333333344,45.333333333333336,73.95833333333334,753.0,False
CREDITACC.NS,1338.8,1307.12,1335.07,1386.91,-2.4,-0.3,3.6,1210.62,1442.75,1102.16,1584.74,964.97,1810.03,SIDEWAYS,BEARISH,BULLISH,1291.1,1299.59,1293.82,61.1,9.2,52.6,1279.3,1326.5,1336.33,1237.78,7.7,0.001,0.006,65.0,30,v3-ML,CREDITACCESS GRAMEEN LIMITED,Financial Services,Credit Services,211955515392.0,55.08333333333334,53.5,61.41666666666667,549.0,False
GODREJAGRO.NS,618.85,612.38,616.84,596.92,-1.0,-0.3,-3.5,584.67,661.28,547.4,706.32,498.64,775.39,SIDEWAYS,BULLISH,FADING_BULL,609.67,592.48,641.18,70.4,53.4,36.9,513.0,651.2,685.85,522.63,27.0,0.091,0.101,95.2,57,v3-ML,Godrej Agrovet Limited,Consumer Defensive,Packaged Foods,119598596096.0,43.17500000000001,36.41666666666667,70.20833333333334,1104.0,False
BALRAMCHIN.NS,461.3,464.14,459.66,413.33,0.6,-0.4,-10.4,442.74,485.13,421.6,509.45,393.38,546.0,SIDEWAYS,BULLISH,FADING_BULL,453.84,446.65,477.18,60.8,46.3,27.4,460.45,470.25,483.99,424.63,13.1,0.09,0.067,91.7,66,v3-ML,Balrampur Chini Mills Limited,Consumer Defensive,Confectioners,93636902912.0,56.491666666666674,52.083333333333336,74.12500000000001,483.0,False
BIKAJI.NS,631.1,635.14,628.29,651.83,0.6,-0.4,3.3,602.67,654.29,576.74,683.7,541.92,727.63,SIDEWAYS,BEARISH,FADING_BEAR,646.83,673.37,710.61,39.2,28.7,24.7,624.7,643.7,677.74,616.78,9.4,0.764,-0.331,17.1,76,v3-ML,Bikaji Foods International Limited,Consumer Defensive,Packaged Foods,157322100736.0,54.36666666666669,59.000000000000014,35.83333333333334,576.0,False
WELCORP.NS,824.9,811.43,820.66,788.53,-1.6,-0.5,-4.4,761.14,876.31,705.87,944.93,634.39,1051.4,SIDEWAYS,BEARISH,FADING_BEAR,796.39,798.82,830.88,47.0,15.1,42.3,802.65,838.85,861.31,746.29,14.3,0.008,-0.02,65.0,39,v3-ML,Welspun Corp Limited,Basic Materials,Steel,217081085952.0,62.616666666666674,61.29166666666667,67.91666666666667,217.0,False
SHYAMMETL.NS,856.35,843.86,851.36,869.74,-1.5,-0.6,1.6,805.97,905.74,757.18,964.11,693.09,1053.25,SIDEWAYS,BULLISH,FADING_BEAR,859.08,850.15,863.75,48.4,19.4,35.0,779.1,870.75,914.32,822.19,10.6,0.483,0.15,55.0,74,v3-ML,Shyam Metalics and Energy Limited,Basic Materials,Steel,237913112576.0,48.47500000000001,49.79166666666667,43.208333333333336,893.0,False
SCI.NS,268.2,270.28,266.44,285.28,0.8,-0.7,6.4,242.02,299.44,215.96,335.57,183.79,394.31,SIDEWAYS,BULLISH,BULLISH,252.04,238.13,221.91,74.0,42.9,63.9,260.99,273.12,293.56,207.72,34.2,0.369,0.279,94.0,65,v3-ML,Shipping Corporation Of India Limited,Industrials,Marine Shipping,125160202240.0,68.31666666666668,64.58333333333334,83.25000000000001,54.0,False
WOCKPHARMA.NS,1363.6,1397.29,1353.44,1335.47,2.5,-0.7,-2.1,1321.05,1460.02,1252.2,1540.3,1160.8,1661.59,SIDEWAYS,BEARISH,FADING_BEAR,1387.12,1389.01,1420.8,48.0,23.2,30.0,1382.9,1408.5,1440.74,1335.0,7.6,0.006,0.012,45.0,47,v3-ML,WOCKPHARMA,,,,,,,,False
KIMS.NS,743.3,754.62,737.34,782.71,1.5,-0.8,5.3,678.62,782.26,628.93,844.06,564.73,940.03,SIDEWAYS,BULLISH,FADING_BULL,682.53,661.82,674.14,81.2,38.4,42.6,692.5,735.85,767.76,570.91,29.4,0.03,0.055,91.7,52,v3-ML,Krishna Institute of Medical Sciences Limited,Healthcare,Medical Care Facilities,291441180672.0,48.93333333333335,41.91666666666668,77.00000000000001,864.0,False
GESHIP.NS,1346.6,1352.19,1334.41,1414.94,0.4,-0.9,5.1,1290.63,1407.71,1232.04,1474.66,1153.58,1574.95,SIDEWAYS,BULLISH,FADING_BEAR,1282.3,1208.22,1084.99,65.5,48.9,26.0,1300.1,1348.9,1388.19,1197.97,14.7,0.728,0.352,97.0,87,v3-ML,The Great Eastern Shipping Company Limited,Industrials,Marine Shipping,192450150400.0,80.08333333333334,82.29166666666667,71.25000000000001,1.0,False
IEX.NS,127.51,127.31,126.21,113.85,-0.2,-1.0,-10.7,122.3,135.81,115.63,143.65,106.8,155.52,SIDEWAYS,BEARISH,BULLISH,126.83,130.42,143.16,70.6,30.6,31.4,123.95,152.94,129.26,121.52,6.2,0.621,-0.271,42.2,71,v3-ML,Indian Energy Exchange Limited,Financial Services,Capital Markets,114773090304.0,65.08333333333334,67.41666666666667,55.75000000000001,124.0,False
ALOKINDS.NS,14.5,14.45,14.33,13.85,-0.3,-1.2,-4.5,13.69,15.44,12.84,16.47,11.72,18.03,SIDEWAYS,BEARISH,FADING_BEAR,15.09,15.54,16.8,16.9,10.8,36.0,14.1,14.77,16.62,14.05,16.8,0.422,-0.167,19.0,50,v3-ML,ALOKINDS,,,,,,,,False
SAILIFE.NS,964.5,935.9,952.68,977.22,-3.0,-1.2,1.3,870.5,1025.65,797.36,1119.74,704.18,1267.92,SIDEWAYS,BULLISH,FADING_BULL,915.31,897.71,864.73,68.2,14.9,49.2,914.85,976.1,1002.08,806.08,21.7,0.012,0.029,81.0,37,v3-ML,Sai Life Sciences Limited,Healthcare,Diagnostics & Research,199841382400.0,66.28333333333335,63.41666666666667,77.75000000000001,90.0,False
EIHOTEL.NS,321.35,322.56,316.72,340.67,0.4,-1.4,6.0,302.25,331.74,287.56,348.69,267.97,374.17,SIDEWAYS,BEARISH,BEARISH,329.1,340.77,362.37,17.4,10.4,27.9,308.9,334.75,350.16,311.56,11.7,0.772,-0.331,19.0,66,v3-ML,EIH Limited,Consumer Cyclical,Lodging,198365511680.0,61.98333333333334,66.08333333333334,45.58333333333334,238.0,False
VTL.NS,549.3,525.68,541.49,492.2,-4.3,-1.4,-10.4,491.27,584.37,447.71,641.23,392.54,731.34,SIDEWAYS,BULLISH,FADING_BULL,503.28,471.77,448.62,69.3,46.5,52.1,505.75,545.3,561.8,445.05,23.2,0.402,0.275,95.8,67,v3-ML,Vardhman Textiles Limited,Consumer Cyclical,Textile Manufacturing,155436138496.0,52.616666666666674,46.20833333333334,78.25,674.0,False
ANGELONE.NS,246.5,252.03,242.72,248.74,2.2,-1.5,0.9,226.15,268.03,206.49,293.54,181.55,333.88,SIDEWAYS,BULLISH,FADING_BEAR,254.21,248.21,236.59,34.1,16.6,51.0,212.99,259.18,282.29,236.48,17.7,0.432,0.273,35.0,64,v3-ML,Angel One Limited,Financial Services,Capital Markets,222173085696.0,53.408333333333346,55.58333333333334,44.708333333333336,624.0,False
ZFCVINDIA.NS,15506.0,15219.78,15275.23,15645.8,-1.8,-1.5,0.9,14677.3,16223.41,13911.42,17116.57,12894.74,18466.11,SIDEWAYS,BULLISH,BEARISH,15339.04,14878.81,14011.5,59.1,30.2,30.0,15246.0,15799.0,16144.1,14757.6,9.0,0.162,0.093,83.6,70,v3-ML,ZF Commercial Vehicle Control Systems India Limited,Consumer Cyclical,Auto Parts,292574986240.0,59.77500000000002,57.541666666666686,68.70833333333334,322.0,False
DELHIVERY.NS,442.35,445.17,435.09,492.37,0.6,-1.6,11.3,421.38,465.31,399.61,490.66,370.69,528.94,SIDEWAYS,BULLISH,BULLISH,429.69,423.4,417.62,55.5,21.1,29.7,427.9,448.3,449.94,418.17,7.3,0.397,0.135,81.0,79,v3-ML,Delhivery Limited,Industrials,Integrated Freight & Logistics,334394032128.0,53.23333333333334,47.66666666666667,75.50000000000001,634.0,True
GLAND.NS,1861.2,1841.84,1831.17,1804.77,-1.0,-1.6,-3.0,1756.66,1951.04,1660.72,2063.75,1533.77,2234.57,SIDEWAYS,BULLISH,FADING_BEAR,1819.66,1793.34,1793.33,50.0,15.9,31.5,1849.2,1897.5,1913.97,1778.67,7.3,0.488,0.168,81.0,74,v3-ML,Gland Pharma Limited,Healthcare,Drug Manufacturers - Specialty & Generic,304486318080.0,62.31666666666669,60.20833333333334,70.75000000000001,228.0,False
INOXINDIA.NS,1149.7,1164.37,1131.52,1198.14,1.3,-1.6,4.2,1111.32,1198.11,1067.48,1247.31,1008.35,1320.45,SIDEWAYS,BULLISH,FADING_BEAR,1143.49,1140.26,1149.41,59.8,15.3,22.6,1147.1,1155.2,1183.21,1107.83,6.6,0.015,0.014,81.0,53,v3-ML,INOX India Limited,Industrials,Specialty Industrial Machinery,104831844352.0,61.21666666666668,59.500000000000014,68.08333333333334,261.0,False
SUMICHEM.NS,404.65,403.09,397.63,409.48,-0.4,-1.7,1.2,384.66,428.63,363.01,454.19,334.42,493.02,SIDEWAYS,BEARISH,BULLISH,413.41,430.15,481.09,47.0,5.5,32.5,400.5,412.4,428.82,398.19,7.4,0.736,-0.281,19.0,68,v3-ML,Sumitomo Chemical India Limited,Basic Materials,Agricultural Inputs,203202232320.0,47.44166666666668,48.08333333333334,44.87500000000001,940.0,False
JBCHEPHARM.NS,2081.4,2047.8,2044.69,2046.52,-1.6,-1.8,-1.7,2020.69,2187.83,1936.56,2282.87,1823.39,2424.57,SIDEWAYS,BULLISH,BULLISH,1971.26,1898.36,1781.99,88.7,32.6,23.8,1891.8,2102.6,2115.76,1772.57,17.7,0.706,0.187,88.8,84,v3-ML,JB Chemicals & Pharmaceuticals Limited,Healthcare,Drug Manufacturers - Specialty & Generic,338245779456.0,65.60833333333335,63.41666666666667,74.375,105.0,False
VGUARD.NS,316.5,314.47,310.41,300.6,-0.6,-1.9,-5.0,299.59,335.21,282.11,355.98,259.08,387.62,SIDEWAYS,BEARISH,FADING_BEAR,324.5,328.68,346.17,38.5,15.3,33.7,302.85,331.6,355.32,307.54,14.4,0.039,-0.042,19.0,46,v3-ML,V-Guard Industries Limited,Industrials,Electrical Equipment & Parts,138386702336.0,45.55,47.91666666666667,36.083333333333336,1022.0,False
BLUEDART.NS,5612.0,5482.18,5499.95,5309.05,-2.3,-2.0,-5.4,5449.79,5852.38,5245.87,6079.88,4970.08,6417.26,SIDEWAYS,BULLISH,FADING_BEAR,5663.6,5627.48,5796.64,32.7,21.1,21.4,5274.5,5884.0,5970.05,5472.4,8.7,0.3,0.095,55.0,71,v3-ML,Blue Dart Express Limited,Industrials,Integrated Freight & Logistics,134062825472.0,38.56666666666668,34.54166666666667,54.66666666666667,1211.0,False
CAPLIPOINT.NS,1728.6,1745.38,1694.39,1759.68,1.0,-2.0,1.8,1657.23,1821.87,1575.33,1916.59,1466.23,2059.2,SIDEWAYS,BEARISH,BULLISH,1747.27,1801.79,1927.72,32.7,22.9,28.4,1731.7,1981.0,1892.62,1631.2,14.8,0.714,-0.245,19.0,74,v3-ML,Caplin Point Laboratories Limited,Healthcare,Drug Manufacturers - Specialty & Generic,132536696832.0,67.23333333333333,71.16666666666667,51.50000000000001,68.0,False
EIDPARRY.NS,876.8,871.86,859.29,864.08,-0.6,-2.0,-1.5,827.88,912.05,786.08,960.56,730.47,1033.68,SIDEWAYS,BEARISH,BEARISH,898.79,935.42,993.15,46.0,9.2,29.0,866.65,911.9,940.43,859.6,9.0,0.807,-0.376,19.0,78,v3-ML,EID Parry India Limited,Basic Materials,Agricultural Inputs,155005255680.0,49.900000000000006,53.79166666666667,34.33333333333334,818.0,False
CROMPTON.NS,262.5,263.5,257.05,238.25,0.4,-2.1,-9.2,249.46,281.36,233.91,300.07,213.53,328.71,SIDEWAYS,BULLISH,FADING_BULL,259.28,256.86,281.55,69.8,23.8,36.1,262.43,272.66,288.16,225.94,24.2,0.004,0.019,81.0,42,v3-ML,Crompton Greaves Consumer Electricals Limited,Consumer Cyclical,"Furnishings, Fixtures & Appliances",172595576832.0,49.88333333333334,44.29166666666667,72.25000000000001,820.0,False
ATUL.NS,6528.5,6634.1,6382.68,6135.97,1.6,-2.2,-6.0,6227.22,6951.71,5871.08,7373.4,5401.33,8014.67,SIDEWAYS,BULLISH,BEARISH,6462.27,6279.11,6251.84,58.2,45.1,33.0,6547.5,6664.0,6861.28,6110.27,11.6,0.637,0.205,91.1,82,v3-ML,Atul Limited,Basic Materials,Specialty Chemicals,193873969152.0,58.09166666666668,54.250000000000014,73.45833333333334,400.0,False
AADHARHFC.NS,475.2,459.44,463.73,501.72,-3.3,-2.4,5.6,442.93,477.21,425.6,496.64,402.22,525.51,SIDEWAYS,BEARISH,BEARISH,468.84,476.07,483.65,39.7,25.3,22.4,452.35,477.5,488.67,452.89,7.6,0.473,-0.089,18.8,80,v3-ML,AADHARHFC,,,,,,,,False
INDGN.NS,500.3,492.42,488.06,477.32,-1.6,-2.4,-4.6,476.36,528.18,450.75,558.19,416.82,603.63,SIDEWAYS,BEARISH,BULLISH,488.09,497.41,528.12,57.0,10.8,31.0,479.8,538.1,504.13,468.09,7.4,0.706,-0.215,65.0,68,v3-ML,Indegene Limited,Healthcare,Health Information Services,119990337536.0,60.45000000000002,58.375000000000014,68.75000000000001,293.0,False
IRCON.NS,145.12,146.83,140.99,153.46,1.2,-2.8,5.7,139.44,156.45,131.12,166.38,120.17,181.54,BEARISH,BEARISH,FADING_BEAR,152.25,156.67,164.74,39.7,8.9,34.5,145.7,152.15,160.18,145.01,9.9,0.07,-0.093,19.0,47,v3-ML,IRCON,,,,,,,,False
PFIZER.NS,5091.2,5053.06,4950.72,5091.11,-0.7,-2.8,-0.0,4863.28,5435.84,4582.1,5769.42,4211.51,6277.1,BEARISH,BULLISH,FADING_BULL,4975.85,4930.13,4993.5,70.3,26.2,33.4,5017.2,5197.8,5361.48,4486.63,17.8,0.025,-0.031,81.6,48,v3-ML,Pfizer Limited,Healthcare,Drug Manufacturers - General,235463573504.0,64.58333333333334,62.29166666666667,73.75000000000001,141.0,False
CARBORUNIV.NS,837.5,835.63,812.76,795.88,-0.2,-3.0,-5.0,783.36,892.39,730.6,956.83,661.91,1056.13,SIDEWAYS,BEARISH,FADING_BULL,828.91,832.56,880.09,71.0,6.2,39.1,820.15,894.01,875.04,765.1,13.4,0.294,-0.107,65.0,54,v3-ML,Carborundum Universal Limited,Industrials,Conglomerates,159209324544.0,54.00833333333334,51.66666666666667,63.375,594.0,False
INDIAMART.NS,2180.8,2123.44,2115.72,2050.43,-2.6,-3.0,-6.0,2051.69,2319.31,1921.4,2476.58,1750.94,2717.69,BEARISH,BEARISH,BEARISH,2205.88,2227.89,2320.35,38.3,9.8,36.8,2114.5,2217.3,2286.77,2151.18,6.1,0.114,-0.041,19.0,52,v3-ML,Indiamart Intermesh Limited,Communication Services,Internet Content & Information,130982150144.0,69.325,78.04166666666667,34.45833333333334,47.0,False
ONESOURCE.NS,1322.7,1337.95,1283.53,1402.89,1.2,-3.0,6.1,1123.14,1490.86,965.19,1734.82,778.77,2150.1,SIDEWAYS,BEARISH,FADING_BULL,1300.19,1427.23,1648.63,70.7,33.6,85.0,1269.7,1810.6,1366.54,1097.53,21.8,0.56,-0.828,14.7,63,v3-ML,ONESOURCE,,,,,,,,False
MAHSEAMLES.NS,568.95,554.4,550.66,510.33,-2.6,-3.2,-10.3,541.86,581.64,521.71,604.11,494.45,637.42,SIDEWAYS,BEARISH,BULLISH,535.88,540.32,584.6,71.9,9.8,21.3,529.45,572.45,556.29,513.01,8.1,0.371,-0.112,65.0,51,v3-ML,Maharashtra Seamless Limited,Basic Materials,Steel,75816771584.0,64.98333333333335,61.91666666666667,77.25000000000001,130.0,False
BASF.NS,3529.4,3532.13,3409.88,3416.66,0.1,-3.4,-3.2,3355.78,3748.69,3162.74,3977.5,2908.21,4325.61,BEARISH,BEARISH,FADING_BEAR,3639.6,3763.4,4188.24,43.7,12.4,33.2,3526.5,3666.2,3907.64,3442.67,12.7,0.63,-0.209,19.0,66,v3-ML,BASF India Limited,Basic Materials,Specialty Chemicals,153599098880.0,38.400000000000006,39.04166666666667,35.83333333333334,1212.0,False
CENTRALBK.NS,40.44,39.57,38.97,39.36,-2.2,-3.6,-2.7,38.52,41.94,36.8,43.89,34.51,46.81,BEARISH,BULLISH,BULLISH,38.25,37.72,37.43,74.5,20.5,25.5,36.88,40.25,40.05,35.75,11.4,0.379,0.086,85.0,67,v3-ML,CENTRALBK,,,,,,,,False
FINCABLES.NS,873.35,832.92,841.87,778.4,-4.6,-3.6,-10.9,794.98,889.05,748.8,943.88,687.96,1027.35,SIDEWAYS,BULLISH,BULLISH,798.98,781.39,805.94,67.6,27.8,33.6,804.45,840.7,868.29,717.23,19.1,0.241,0.115,86.4,71,v3-ML,Finolex Cables Limited,Industrials,Electrical Equipment & Parts,128621985792.0,60.45833333333335,55.95833333333334,78.45833333333334,292.0,False
KSB.NS,783.35,759.91,754.33,762.81,-3.0,-3.7,-2.6,726.33,823.84,678.98,881.29,617.16,969.57,SIDEWAYS,BEARISH,BULLISH,722.9,729.56,763.16,69.4,12.3,37.8,713.55,781.1,751.24,687.79,8.8,0.313,-0.102,69.0,53,v3-ML,Ksb Limited,Industrials,Specialty Industrial Machinery,132348125184.0,60.15000000000002,55.500000000000014,78.75000000000001,307.0,False
MRPL.NS,197.14,194.93,189.65,192.9,-1.1,-3.8,-2.2,182.33,215.02,166.92,234.86,147.31,266.13,BEARISH,BULLISH,BEARISH,186.97,173.38,154.87,63.9,35.3,49.5,185.6,200.1,203.01,175.46,14.6,0.672,0.468,90.1,71,v3-ML,Mangalore Refinery and Petrochemicals Limited,Energy,Oil & Gas Refining & Marketing,347928985600.0,47.45000000000001,40.75000000000001,74.25000000000001,939.0,False
TARIL.NS,311.88,304.14,300.13,266.1,-2.5,-3.8,-14.7,273.4,341.53,242.71,384.71,205.05,455.36,SIDEWAYS,BEARISH,FADING_BULL,284.85,287.34,367.82,71.7,27.8,66.7,270.56,336.4,328.1,226.39,36.7,0.013,0.06,70.4,44,v3-ML,Transformers And Rectifiers (India) Limited,Industrials,Electrical Equipment & Parts,91064311808.0,65.15833333333335,63.79166666666667,70.62500000000001,121.0,False
HONASA.NS,307.4,305.92,295.36,305.52,-0.5,-3.9,-0.6,296.84,320.21,285.04,333.46,269.14,353.16,BEARISH,BULLISH,FADING_BULL,297.0,289.23,283.59,70.6,44.9,22.7,300.8,308.3,317.82,271.54,15.7,0.479,0.197,90.9,70,v3-ML,Honasa Consumer Limited,Consumer Defensive,Household & Personal Products,100248903680.0,61.95833333333334,57.16666666666667,81.125,239.0,False
JYOTHYLAB.NS,254.38,263.28,244.5,252.55,3.5,-3.9,-0.7,247.18,267.61,236.89,279.23,223.06,296.55,BEARISH,BEARISH,BULLISH,250.43,260.2,293.96,62.8,13.3,23.8,240.73,293.45,258.89,235.86,9.3,0.785,-0.348,45.0,65,v3-ML,Jyothy Labs Limited,Consumer Defensive,Household & Personal Products,94829469696.0,56.77500000000001,56.125000000000014,59.375,468.0,False
MGL.NS,1203.9,1184.87,1157.27,1138.39,-1.6,-3.9,-5.4,1130.72,1275.86,1059.96,1361.03,967.27,1491.46,BEARISH,BULLISH,BULLISH,1135.6,1124.94,1200.69,63.4,27.3,36.2,1105.1,1201.1,1230.42,1018.78,18.8,0.006,0.016,86.2,53,v3-ML,Mahanagar Gas Limited,Utilities,Utilities - Regulated Gas,118760521728.0,65.73333333333335,64.66666666666669,70.00000000000001,103.0,False
SUNTV.NS,611.4,597.15,586.68,566.1,-2.3,-4.0,-7.4,565.11,649.43,524.58,699.6,472.11,777.35,BEARISH,BULLISH,BULLISH,580.64,568.94,566.81,71.6,12.6,41.7,578.6,611.85,627.55,525.53,17.7,0.161,0.079,81.0,47,v3-ML,Sun TV Network Limited,Communication Services,Broadcasting,238362066944.0,67.96666666666668,64.58333333333334,81.50000000000001,61.0,False
TATACHEM.NS,716.05,710.01,687.49,757.15,-0.8,-4.0,5.7,687.93,762.81,650.93,806.17,601.91,871.82,BEARISH,BEARISH,BULLISH,714.32,737.87,816.56,61.4,6.1,31.0,710.0,783.95,738.58,683.76,7.7,0.695,-0.177,45.0,62,v3-ML,Tata Chemicals Limited,Basic Materials,Chemicals,184469012480.0,36.575,33.833333333333336,47.54166666666667,1242.0,False
ABFRL.NS,68.55,68.93,65.71,65.89,0.6,-4.1,-3.9,64.03,75.81,58.5,82.98,51.47,94.3,BEARISH,BEARISH,BEARISH,70.09,71.79,88.11,52.2,17.5,50.7,61.64,78.63,75.22,64.79,14.9,0.414,-0.241,19.0,68,v3-ML,ABFRL,,,,,,,,False
CASTROLIND.NS,187.65,184.99,180.02,179.02,-1.4,-4.1,-4.6,183.6,191.61,179.45,196.04,173.73,202.49,BEARISH,BEARISH,BULLISH,186.92,187.67,194.91,58.9,12.0,12.8,185.23,193.48,189.32,184.1,2.8,0.024,-0.013,45.0,46,v3-ML,Castrol India Limited,Energy,Oil & Gas Refining & Marketing,185549455360.0,56.575,56.16666666666667,58.20833333333334,480.0,False
UTIAMC.NS,1029.2,1041.43,986.86,1033.98,1.2,-4.1,0.5,982.18,1100.91,924.0,1170.23,847.46,1275.92,BEARISH,BEARISH,BEARISH,1059.95,1082.26,1161.3,43.3,8.4,34.2,958.0,1080.85,1117.72,1000.26,11.1,0.412,-0.168,19.0,68,v3-ML,UTI Asset Management Company Limited,Financial Services,Asset Management,133916934144.0,63.26666666666667,67.66666666666667,45.66666666666667,193.0,False
BANDHANBNK.NS,186.1,183.69,178.02,176.06,-1.3,-4.3,-5.4,177.3,197.86,167.19,209.83,153.85,228.03,BEARISH,BULLISH,BULLISH,168.51,159.7,158.87,84.5,54.3,32.9,165.44,187.3,186.65,147.12,23.7,0.624,0.288,99.7,79,v3-ML,Bandhan Bank Limited,Financial Services,Banks - Regional,302508212224.0,50.00000000000001,43.697916666666664,75.20833333333334,812.0,False
ZENTEC.NS,1357.4,1327.68,1299.71,1232.73,-2.2,-4.3,-9.2,1281.76,1450.45,1199.71,1549.65,1092.42,1701.85,BEARISH,BEARISH,BULLISH,1334.64,1343.17,1435.14,62.8,16.9,37.1,1326.1,1415.6,1381.99,1297.0,6.3,0.131,-0.06,65.0,52,v3-ML,Zen Technologies Limited,Industrials,Aerospace & Defense,122341949440.0,71.36666666666667,74.16666666666667,60.16666666666667,26.0,False
THELEELA.NS,441.0,437.03,421.38,441.33,-0.9,-4.4,0.1,420.82,465.71,398.61,491.67,369.14,530.91,BEARISH,BULLISH,FADING_BEAR,437.08,431.2,,58.5,15.5,30.4,437.75,452.7,453.67,425.63,6.4,0.478,0.158,81.0,74,v3-ML,Leela Palaces Hotels & Resorts Limited,Consumer Cyclical,Lodging,148227211264.0,66.73333333333335,66.37500000000001,68.16666666666669,79.0,False
CLEAN.NS,722.25,716.92,689.79,624.39,-0.7,-4.5,-13.5,690.87,774.95,649.69,824.07,595.54,899.0,BEARISH,BEARISH,FADING_BEAR,765.7,821.75,990.24,29.5,36.2,34.5,711.05,760.5,848.81,690.57,20.6,0.831,-0.406,13.4,72,v3-ML,Clean Science and Technology Limited,Basic Materials,Specialty Chemicals,77969301504.0,51.86666666666668,56.250000000000014,34.33333333333334,714.0,False
FINPIPE.NS,185.12,187.61,176.76,173.6,1.3,-4.5,-6.2,176.69,193.7,168.22,203.46,156.91,218.12,BEARISH,BULLISH,BEARISH,183.45,180.56,186.27,66.0,32.3,27.6,182.65,191.34,195.56,170.36,13.8,0.652,0.189,84.7,80,v3-ML,FINPIPE,,,,,,,,False
AMBER.NS,7942.5,7823.22,7559.83,7735.94,-1.5,-4.8,-2.6,7509.29,8573.99,6994.96,9204.42,6326.32,10177.26,BEARISH,BULLISH,FADING_BULL,7395.32,7008.53,7084.48,84.4,55.5,39.8,7650.5,8044.5,8808.44,5763.41,41.8,0.168,0.202,100.0,59,v3-ML,Amber Enterprises India Limited,Consumer Cyclical,"Furnishings, Fixtures & Appliances",281569755136.0,53.02500000000001,46.50000000000001,79.125,644.0,False
BATAINDIA.NS,794.65,788.22,756.38,771.8,-0.8,-4.8,-2.9,771.31,842.67,735.65,883.52,687.94,944.78,BEARISH,BEARISH,FADING_BEAR,841.58,889.24,1024.52,40.3,15.0,26.5,797.5,866.8,915.83,779.42,16.1,0.867,-0.347,19.0,70,v3-ML,Bata India Limited,Consumer Cyclical,Footwear & Accessories,103747428352.0,42.66666666666667,43.958333333333336,37.50000000000001,1123.0,False
NCC.NS,153.45,152.62,145.87,132.21,-0.5,-4.9,-13.8,144.72,160.82,136.79,170.15,126.28,184.31,BEARISH,BEARISH,BULLISH,151.38,155.95,180.91,40.7,19.4,31.6,152.09,169.48,158.77,145.57,8.7,0.413,-0.161,45.0,64,v3-ML,NCC Limited,Industrials,Engineering & Construction,95928680448.0,48.68333333333334,45.41666666666667,61.75000000000001,884.0,False
GSPL.NS,305.3,300.66,289.6,293.86,-1.5,-5.1,-3.7,298.11,316.67,288.63,327.08,275.71,342.4,BEARISH,BULLISH,FADING_BEAR,304.75,303.61,305.33,51.6,8.7,18.1,300.3,321.9,314.9,295.79,6.3,0.263,0.095,81.0,71,v3-ML,Gujarat State Petronet Limited,Utilities,Utilities - Regulated Gas,173184794624.0,51.35833333333334,48.58333333333334,62.45833333333334,738.0,False
NATCOPHARM.NS,972.15,968.76,918.82,908.29,-0.3,-5.5,-6.6,911.1,1034.83,851.09,1107.8,772.8,1220.02,BEARISH,BULLISH,BULLISH,889.78,875.28,869.93,83.6,26.2,38.2,822.45,978.2,966.45,775.47,21.9,0.134,-0.09,85.6,54,v3-ML,Natco Pharma Limited,Healthcare,Drug Manufacturers - Specialty & Generic,174298710016.0,76.14166666666668,76.20833333333334,75.875,6.0,False
ACE.NS,894.25,886.62,843.03,846.12,-0.9,-5.7,-5.4,849.11,943.8,802.4,998.73,740.63,1082.03,BEARISH,BEARISH,FADING_BEAR,885.19,903.32,1002.06,42.5,9.7,31.7,791.35,995.9,936.07,846.81,10.0,0.334,-0.185,45.0,58,v3-ML,Action Construction Equipment Limited,Industrials,Farm & Heavy Construction Machinery,105829097472.0,55.42500000000002,56.041666666666686,52.95833333333334,535.0,False
AIIL.NS,489.95,501.36,460.86,615.61,2.3,-5.9,25.6,459.68,524.56,428.32,562.97,387.54,622.21,BEARISH,BEARISH,FADING_BULL,509.38,535.27,546.29,39.2,29.1,39.6,486.35,500.95,517.79,484.87,6.6,0.135,-0.223,17.0,68,v3-ML,Authum Investment & Infrastructure Limited,Financial Services,Capital Markets,418073673728.0,56.26666666666668,61.750000000000014,34.33333333333334,493.0,False
PGEL.NS,624.65,600.6,584.39,532.84,-3.9,-6.4,-14.7,590.65,667.5,553.23,712.65,504.26,781.85,BEARISH,BULLISH,BULLISH,604.37,590.0,616.98,68.8,24.4,36.7,615.45,630.6,649.93,555.08,15.7,0.193,0.123,81.0,66,v3-ML,PG Electroplast Limited,Technology,Electronic Components,178427543552.0,63.033333333333346,60.16666666666667,74.50000000000001,198.0,False
J&KBANK.NS,121.23,111.73,113.34,111.68,-7.8,-6.5,-7.9,107.89,119.91,101.96,126.88,94.11,137.46,SIDEWAYS,BULLISH,BULLISH,106.09,104.47,103.45,74.0,13.6,31.7,103.27,113.74,111.71,98.83,12.2,0.412,0.098,85.0,57,v3-ML,The Jammu & Kashmir Bank Limited,Financial Services,Banks - Regional,125094322176.0,65.35833333333335,61.82291666666667,79.50000000000001,116.0,False
ALKYLAMINE.NS,1491.4,1467.41,1392.94,1329.18,-1.6,-6.6,-10.9,1425.44,1561.04,1357.79,1638.82,1267.44,1755.64,BEARISH,BEARISH,FADING_BEAR,1534.21,1582.2,1756.8,38.8,6.5,27.3,1490.4,1545.1,1610.89,1473.44,8.9,0.563,-0.116,19.0,62,v3-ML,Alkyl Amines Chemicals Limited,Basic Materials,Specialty Chemicals,76312035328.0,44.72500000000001,46.79166666666667,36.45833333333334,1057.0,False
RPOWER.NS,25.24,25.22,23.58,22.76,-0.1,-6.6,-9.8,23.38,27.36,21.49,29.76,19.08,33.52,BEARISH,BEARISH,FADING_BULL,27.32,30.55,39.26,25.0,9.1,47.2,25.29,27.43,29.41,24.99,16.2,0.868,-0.863,15.0,56,v3-ML,Reliance Power Limited,Utilities,Utilities - Independent Power Producers,104469569536.0,46.150000000000006,48.79166666666667,35.58333333333334,999.0,False
IFCI.NS,60.18,59.72,56.08,55.53,-0.8,-6.8,-7.7,54.26,64.08,49.64,70.05,43.77,79.46,BEARISH,BULLISH,BEARISH,59.84,57.68,55.4,46.1,21.4,49.9,46.81,64.74,65.86,54.92,18.1,0.781,0.45,55.0,71,v3-ML,IFCI Limited,Financial Services,Credit Services,159150981120.0,50.82500000000001,47.16666666666667,65.45833333333334,764.0,False
CHAMBLFERT.NS,458.8,456.72,425.98,422.78,-0.5,-7.2,-7.9,439.25,478.49,419.58,500.92,393.24,534.48,BEARISH,BEARISH,FADING_BULL,451.96,452.1,486.43,69.4,13.6,25.7,454.4,483.55,473.05,424.68,10.8,0.011,0.023,65.0,44,v3-ML,Chambal Fertilizers & Chemicals Limited,Basic Materials,Agricultural Inputs,183779213312.0,62.98333333333334,62.41666666666667,65.25000000000001,201.0,False
HFCL.NS,69.59,70.21,64.61,66.54,0.9,-7.2,-4.4,65.63,75.62,60.84,81.58,54.65,90.82,BEARISH,BULLISH,BEARISH,69.82,68.92,72.27,48.5,26.9,42.5,69.4,73.79,73.88,67.05,9.7,0.207,0.119,81.9,63,v3-ML,HFCL Limited,Technology,Communication Equipment,107740495872.0,43.56666666666668,39.16666666666667,61.16666666666667,1090.0,False
WHIRLPOOL.NS,903.15,923.87,836.53,880.63,2.3,-7.4,-2.5,865.52,969.0,814.76,1029.37,747.94,1121.34,BEARISH,BEARISH,FADING_BULL,890.9,907.23,1071.75,61.5,24.5,33.9,913.6,982.4,987.63,772.45,24.5,0.117,-0.129,65.0,64,v3-ML,Whirlpool of India Limited,Consumer Cyclical,"Furnishings, Fixtures & Appliances",116500185088.0,46.95833333333334,41.79166666666667,67.62500000000001,965.0,False
TRIVENI.NS,395.55,392.13,365.11,357.4,-0.9,-7.7,-9.6,369.4,418.32,345.61,447.11,314.53,491.3,BEARISH,BULLISH,FADING_BEAR,380.02,371.04,366.05,62.9,32.2,37.3,385.2,398.59,400.53,364.75,9.3,0.083,0.087,84.6,71,v3-ML,Triveni Engineering & Industries Limited,Consumer Defensive,Confectioners,86125740032.0,56.10833333333335,50.41666666666667,78.87500000000001,501.0,False
MANYAVAR.NS,400.05,409.77,361.48,321.88,2.4,-9.6,-19.5,382.95,426.42,361.54,451.67,333.26,490.0,BEARISH,BEARISH,FADING_BEAR,448.86,500.18,615.39,25.5,32.1,32.3,399.95,486.15,519.15,389.05,28.6,0.939,-0.862,11.4,68,v3-ML,Vedant Fashions Limited,Consumer Cyclical,Apparel Manufacturing,98246172672.0,53.416666666666686,58.000000000000014,35.08333333333334,620.0,False
RKFORGE.NS,545.75,526.26,488.06,500.25,-3.6,-10.6,-8.3,509.23,583.28,473.55,627.23,427.25,695.2,BEARISH,BULLISH,BEARISH,548.65,538.25,558.13,45.6,19.3,40.7,477.95,578.4,592.88,518.48,13.4,0.31,0.154,55.0,58,v3-ML,Ramkrishna Forgings Limited,Industrials,Metal Fabrication,99017588736.0,43.616666666666674,39.25000000000001,61.08333333333334,1089.0,False
JSWCEMENT.NS,127.72,124.1,112.93,125.41,-2.8,-11.6,-1.8,118.27,132.16,111.44,140.25,102.45,152.57,BEARISH,BULLISH,FADING_BULL,121.94,121.14,,58.0,30.9,33.3,121.93,127.48,128.77,113.05,13.0,0.26,0.094,83.9,72,v3-ML,JSW Cement Limited,Basic Materials,Building Materials,167321845760.0,43.10000000000001,34.66666666666667,76.83333333333334,1107.0,False
JINDALSAW.NS,188.03,179.13,165.36,157.89,-4.7,-12.1,-16.0,169.05,209.07,150.88,234.25,128.45,275.17,BEARISH,BULLISH,FADING_BEAR,183.67,179.66,190.02,50.2,17.7,63.7,185.19,196.79,198.01,173.57,13.2,0.649,0.291,81.0,71,v3-ML,Jindal Saw Limited,Basic Materials,Steel,119810801664.0,53.48333333333334,51.04166666666667,63.25,614.0,False
TEJASNET.NS,371.05,335.9,321.76,310.08,-9.5,-13.3,-16.4,308.62,385.56,273.96,434.34,231.43,514.14,BEARISH,BEARISH,BULLISH,337.14,375.18,497.45,54.1,7.3,66.8,336.75,510.25,355.46,315.04,12.1,0.834,-0.97,45.0,56,v3-ML,TEJASNET,,,,,,,,False
COHANCE.NS,308.35,309.72,254.94,229.8,0.4,-17.3,-25.5,289.92,342.69,265.1,374.76,233.55,425.39,BEARISH,BEARISH,BULLISH,339.67,416.46,638.18,40.1,42.8,50.2,305.4,325.85,389.76,283.31,31.6,0.929,-1.567,6.1,75,v3-ML,COHANCE,,,,,,,,False
